"source","target","role"
"O[C@@H](C(=O)O)CC(C)C","USRE0290031","reactant"
"C(C)N(CC)CC","USRE0290031","reactant"
"C(C1=CC=CC=C1)Cl","USRE0290031","reactant"
"C(C1=CC=CC=C1)OC([C@@H](CC(C)C)OC(C1=CN=CC=C1)=O)=O","USRE0290033","reactant"
"[H][H]","USRE0290033","reactant"
"C(C1=CC=CC=C1)OC(C(CC(C)C)Br)=O","USRE0290034","reactant"
"C(C1=CC=NC=C1)(=O)O","USRE0290034","reactant"
"CN(C=O)C","USRE0290034","reactant"
"C(C1=CC=CC=C1)OC(C(CC(C)C)OC(C1=CC=NC=C1)=O)=O","USRE0290035","reactant"
"[H][H]","USRE0290035","reactant"
"N1=CC=CC=C1","US039853761","reactant"
"C(C1=CC=CC=C1)(=O)Cl","US039853761","reactant"
"CN(C1=CC=CC=C1)CC1=CC=CC=C1","US039853761","reactant"
"CN(C1=CC=C(C=O)C=C1)C","US039853762","reactant"
"C(C)(=O)C1=CC=CC=C1","US039853762","reactant"
"C(C)(=O)[O-].[NH4+]","US039853762","reactant"
"[Cl-].[Ca+2].[Cl-]","US039856751","reactant"
"[O-]P([O-])(=O)OP(=O)([O-])[O-].[Na+].[Na+].[Na+].[Na+]","US039856751","reactant"
"[Cl-].C(C)(C)(C)C=1C=C(C[N+]2=CC=CC=C2)C=C(C1O)C(C)(C)C","US039857091","reactant"
"C(C)O","US039857091","reactant"
"N(=O)C1=CC=CC=C1","US039857091","reactant"
"[OH-].[Na+]","US039857091","reactant"
"N1CCCCC1","US039857101","reactant"
"C(CCCCCCCCCCC)S","US039857101","reactant"
"C(\C=C\C)=O","US039857101","reactant"
"C(C)OCC","US039857101","reactant"
"C(CCC)S","US039857102","reactant"
"C(=O)C=C","US039857102","reactant"
"C(CCCCCCCCCCC)S","US039857103","reactant"
"C(\C=C\C)=O","US039857103","reactant"
"NC=1SN=C2C1C=C(C=C2)[N+](=O)[O-]","US039857261","reactant"
"S(O)(O)(=O)=O","US039857261","reactant"
"CBr","US039857291","reactant"
"[Mg]","US039857291","reactant"
"CBr","US039857291","reactant"
"C(C1=CC=CC=C1)CNC1CC(C2=CC=CC=C12)=O","US039857291","reactant"
"[OH-].[Na+]","US039857221","reactant"
"N[C@@H](CC(=O)O)C(=O)O","US039857221","reactant"
"[OH-].[K+]","US039857222","reactant"
"NC(CC(=O)O)C(=O)O","US039857222","reactant"
"C(C)O","US039857222","reactant"
"C(C(C)C)(=O)OC(C(C)C)=O","US039857201","reactant"
"OO","US039857201","reactant"
"C(=C)Cl","US039857202","reactant"
"C(C(C)C)(=O)OOC(C(C)C)=O","US039857202","reactant"
"C(OCC)(=O)OC(=O)OCC","US039857202","reactant"
"OO","US039857202","reactant"
"CN1C=2C(C(=O)OC1=O)=CC=CC2","US039857321","reactant"
"N1[C@H](C(=O)O)CCC1","US039857321","reactant"
"C(C)O","US039857321","reactant"
"CN1C=2C(C(=O)OC1=O)=CC=CC2","US039857322","reactant"
"N1[C@H](C(=O)O)CCC1","US039857322","reactant"
"N1[C@H](C(=O)O)CCC1","US039857323","reactant"
"CN1C=2C(C(=O)OC1=O)=CC=CC2","US039857323","reactant"
"CS(=O)C","US039857323","reactant"
"N1[C@H](C(=O)O)CCC1","US039857324","reactant"
"CN1C=2C(C(=O)OC1=O)=CC=CC2","US039857324","reactant"
"CS(=O)C","US039857324","reactant"
"N1[C@H](C(=O)O)CCC1","US039857325","reactant"
"FC1=CC=C2C(C(=O)OC(N2C)=O)=C1","US039857325","reactant"
"CS(=O)C","US039857325","reactant"
"C1CCN2C1C(NC1=C(C2=O)C=CC=C1)=O","US039857326","reactant"
"C[O-].[Na+]","US039857326","reactant"
"CI","US039857326","reactant"
"CNC=1C(C(=O)N2[C@H](C(=O)O)CCC2)=CC=CC1","US039857327","reactant"
"S(=O)(Cl)Cl","US039857327","reactant"
"C(C1=CC=CC=C1)N1[C@H](C(=O)O)CCC1","US0398573211","reactant"
"S(=O)(Cl)Cl","US0398573211","reactant"
"CNC=1C(C(=O)OCC)=CC=CC1","US0398573211","reactant"
"N1C(CCC1)C(=O)N(C=1C(C(=O)OCC)=CC=CC1)C","US0398573212","reactant"
"Cl","US0398573212","reactant"
"C(C)(=O)N[C@@H]1[C@H]([C@H](OC)O[C@@H]([C@@H]1O)CO)O","US039857271","reactant"
"[O-2].[Ba+2]","US039857271","reactant"
"[OH-].[Ba+2].[OH-]","US039857271","reactant"
"C(C1=CC=CC=C1)Br","US039857271","reactant"
"C(C)(=O)OC1[C@H](OCC2=CC=CC=C2)[C@H]([C@@H](OCC2=CC=CC=C2)[C@H](O1)COCC1=CC=CC=C1)NC(C)=O","US039857272","reactant"
"Cl","US039857272","reactant"
"C(C)(=O)Cl","US039857272","reactant"
"C(C)(=O)N[C@@H]1[C@H]([C@H](OC)O[C@@H]([C@@H]1OCC1=CC=CC=C1)COCC1=CC=CC=C1)OCC1=CC=CC=C1","US039857273","reactant"
"[H-].[Na+]","US039857273","reactant"
"CI","US039857273","reactant"
"P(Cl)(Cl)(Cl)(Cl)Cl","US039857311","reactant"
"N(=O)C1=C(C2=CC=CC=C2C=C1)O","US039857311","reactant"
"ClC(=O)C1=C(\C=C/C#N)C=CC=C1","US039857312","reactant"
"O1CCOCC1","US039857312","reactant"
"ClC1=CC=C(C(=O)CCC(=O)O)C=C1","US039857313","reactant"
"[OH-].[K+]","US039857313","reactant"
"NN","US039857313","reactant"
"Cl","US039857313","reactant"
"C(CO)O","US039857313","reactant"
"P(Cl)(Cl)(Cl)(Cl)Cl","US039857316","reactant"
"ClC1=CC=C2C=CC(=C(C2=C1)O)N=O","US039857316","reactant"
"P(Cl)(Cl)(Cl)(Cl)Cl","US039857317","reactant"
"ClC=1C=C2C=CC(=C(C2=CC1)O)N=O","US039857317","reactant"
"CC(=O)OCC1=C(N2[C@@H]([C@@H](C2=O)N)SC1)C(=O)O","US039857392","reactant"
"SC1=NN=CN1C","US039857392","reactant"
"O(C1=CC=CC=C1)CC(=O)NC1[C@@H]2N(C(C(CS2)=C)C(=O)OCC2=CC=C(C=C2)[N+](=O)[O-])C1=O","US039857372","reactant"
"C(Cl)Cl","US039857372","reactant"
"N1=CC=CC=C1","US039857372","reactant"
"P(Cl)(Cl)(Cl)(Cl)Cl","US039857372","reactant"
"Cl.NC1[C@@H]2N(C(=C(CS2)O)C(=O)OCC2=CC=C(C=C2)[N+](=O)[O-])C1=O","US039857373","reactant"
"C(C)N(CC)CC","US039857373","reactant"
"NC(=O)N","US039857373","reactant"
"S1C(=CC=C1)CC(=O)Cl","US039857373","reactant"
"S1C(=CC=C1)CC(=O)NC1[C@@H]2N(C(=C(CS2)O)C(=O)OCC2=CC=C(C=C2)[N+](=O)[O-])C1=O","US039857374","reactant"
"CC(=O)N(C)C","US039857374","reactant"
"C1C(C)O1","US039857374","reactant"
"C(C)S(=O)(=O)Cl","US039857374","reactant"
"S1C(=CC=C1)CC(=O)NC1[C@@H]2N(C(=C(CS2)O)C(=O)OCC2=CC=C(C=C2)[N+](=O)[O-])C1=O","US039857375","reactant"
"FC1=CC=C(C=C1)S(=O)(=O)Cl","US039857375","reactant"
"C1C(C)O1","US039857375","reactant"
"S1C(=CC=C1)CC(=O)NC1[C@@H]2N(C(=C(CS2)OS(=O)(=O)C2=CC=C(C=C2)F)C(=O)OCC2=CC=C(C=C2)[N+](=O)[O-])C1=O","US039857375","reactant"
"C(C)N1C2=C(C=C(C3=C1C=CC=C3)C#N)C=CC=C2","US039857302","reactant"
"[B-].[Na+]","US039857302","reactant"
"CN(CCCC1(CC2=C(N(C3=C1C=CC=C3)CC)C=CC=C2)C#N)C","US039857306","reactant"
"Cl","US039857306","reactant"
"C1(=CC=C(C=C1)S(=O)(=O)O)C.C(C1=CC=CC=C1)(C1=CC=CC=C1)OC(=O)C1=C(CS[C@H]2N1C(C2N)=O)O","US039857461","reactant"
"C(#N)CCC(=S)Cl","US039857461","reactant"
"C(C)N(CC)CC","US039857461","reactant"
"C(#N)CCC(=S)NC1[C@@H]2N(C(=C(CS2)OC)C(=O)O)C1=O","US039857462","reactant"
"CO","US039857462","reactant"
"C(CCCCC)(=O)OCC.[K]","US039857462","reactant"
"[K+].[Br-]","US039857462","reactant"
"C(C1=CC=CC=C1)(C1=CC=CC=C1)OC(=O)C1=C(CS[C@H]2N1C(C2NC(CCC#N)=S)=O)O","US039857463","reactant"
"P(Br)(Br)Br","US039857463","reactant"
"[N+](=O)([O-])C1=CC=C(COC(=O)C2=C(CS[C@H]3N2C(C3N)=O)O)C=C1","US039857464","reactant"
"C(#N)CCC(=S)Cl","US039857464","reactant"
"[N+](=O)([O-])C1=CC=C(COC(=O)C2=C(CS[C@H]3N2C(C3NC(CCC#N)=S)=O)OC)C=C1","US039857465","reactant"
"O1CCCC1","US039857465","reactant"
"Cl","US039857465","reactant"
"[N+](=O)([O-])C1=CC=C(COC(=O)C2=C(CS[C@H]3N2C(C3NC(CCC#N)=S)=O)O)C=C1","US039857466","reactant"
"CC(=O)N(C)C","US039857466","reactant"
"C1C(C)O1","US039857466","reactant"
"CS(=O)(=O)Cl","US039857466","reactant"
"C(C1=CC=CC=C1)(C1=CC=CC=C1)OC(=O)C1=CCS[C@H]2N1C(C2N)=O","US039857467","reactant"
"C(#N)CCC(=S)Cl","US039857467","reactant"
"C(C)N(CC)CC","US039857467","reactant"
"COC=1C=CC2=C(C(CC3=C(S2)C=CC=C3)N3CCN(CC3)CCCO)C1","US039857501","reactant"
"C(CCCCCCC)(=O)O","US039857501","reactant"
"O","US039857501","reactant"
"[OH-].[NH4+]","US039857501","reactant"
"COC=1C=CC2=C(C(CC3=C(S2)C=CC=C3)N3CCN(CC3)CCCO)C1","US039857502","reactant"
"C(CCCCCCCCCCC)(=O)Cl","US039857502","reactant"
"CSC=1C=CC2=C(C(CC3=C(S2)C=CC=C3)N3CCN(CC3)CCCO)C1","US039857503","reactant"
"C(CCCCCCC)(=O)Cl","US039857503","reactant"
"CSC=1C=CC2=C(C(CC3=C(S2)C=CC=C3)N3CCN(CC3)CCCO)C1","US039857504","reactant"
"C(CCCCCCCCCCC)(=O)Cl","US039857504","reactant"
"CSC=1C=CC2=C(C(CC3=C(S2)C=CC=C3)N3CCN(CC3)CCCO)C1","US039857505","reactant"
"C(CCCCCCCCCCCCCCC)(=O)Cl","US039857505","reactant"
"O","US039857505","reactant"
"[OH-].[NH4+]","US039857505","reactant"
"COC=1C=CC2=C(C(=CC3=C(S2)C=CC=C3)N3CCN(CC3)CCCO)C1","US039857508","reactant"
"C(CCCCCCC)(=O)Cl","US039857508","reactant"
"O","US039857508","reactant"
"[OH-].[NH4+]","US039857508","reactant"
"FC1=CC=C(N)C=C1","US039857532","reactant"
"C(C)OC=C(C(=O)OCC)C(=O)OCC","US039857532","reactant"
"C(C)O","US039857532","reactant"
"C1(=CC=CC=C1)OC1=CC=CC=C1","US039857532","reactant"
"FC=1C=C2C(CC(NC2=CC1)C)=O","US039857534","reactant"
"C(C)OC=C(C(=O)OCC)C(=O)OCC","US039857534","reactant"
"OC1C2=C3C(C(C(=CN3C(C1)C)C(=O)O)=O)=CC=C2","US039857535","reactant"
"S(O)(O)(=O)=O","US039857535","reactant"
"S(O)(O)(=O)=O","US039857535","reactant"
"[N+](=O)(O)[O-]","US039857535","reactant"
"[OH-].[NH4+]","US039857535","reactant"
"NC=1C=CC=2C(CC(N3C=C(C(C1C23)=O)C(=O)O)C)=O","US039857536","reactant"
"C(C)(=O)OC(C)=O","US039857536","reactant"
"O1C(=CC=C1)CN1N=CC=C1NC=C(C(=O)OCC)C(C=1C=NC=CC1)=O","US039857571","reactant"
"C1(=CC=CC=C1)OC1=CC=CC=C1","US039857571","reactant"
"O1C(=CC=C1)CN1N=CC=2C1=NC=C(C2O)C(=O)C=2SC=CC2","US039857572","reactant"
"C([O-])([O-])=O.[K+].[K+]","US039857572","reactant"
"C(C)I","US039857572","reactant"
"C(C)OC1=C2C(=NC=C1C(=O)C=1SC=CC1)N(N=C2)CC=2OC=CC2","US039857573","reactant"
"[Se](=O)=O","US039857573","reactant"
"C1=CC=CC=2C(C3=C(CCC21)C=CC=C3)CN","US039857511","reactant"
"C1(CCCO1)=O","US039857511","reactant"
"C1=CC=CC=2C(C3=C(CCC21)C=CC=C3)CN","US039857512","reactant"
"ClCCCCC(=O)Cl","US039857512","reactant"
"C([O-])([O-])=O.[Na+].[Na+]","US039857512","reactant"
"C1=CC=CC=2CC3=C(C(CC21)CN)C=CC=C3","US039857515","reactant"
"C1(CCCCO1)=O","US039857515","reactant"
"C(C)O","US039857515","reactant"
"C([O-])([O-])=O.[K+].[K+]","US039857515","reactant"
"ClC=1C=CC=2N(N1)N=NN2","US039857381","reactant"
"[SH-].[K+]","US039857381","reactant"
"ClCCCC(=O)C1=CC=C(C=C1)F","US039857541","reactant"
"CC=1N=C(SC1)C1=CC=NC=C1","US039857541","reactant"
"Cl(=O)(=O)(=O)[O-].C1(CC1)C1=NC(=NO1)C1=CC=[N+](C=C1)CCCC(C1=CC=C(C=C1)F)=O","US039857542","reactant"
"CO","US039857542","reactant"
"[BH4-].[Na+]","US039857542","reactant"
"[Cl-].FC1=CC=C(C(=O)CCC[N+]2=CC=C(C=C2)C=2SC=C(N2)C)C=C1","US039857543","reactant"
"CO","US039857543","reactant"
"[BH4-].[Na+]","US039857543","reactant"
"Cl(=O)(=O)(=O)[O-].FC1=CC=C(C(=O)CCC[N+]2=CC=C(C=C2)C=2OC=CN2)C=C1","US039857545","reactant"
"[BH4-].[Na+]","US039857545","reactant"
"FC1=CC=C(C=C1)C(CCCN1CCC(=CC1)C=1SC=C(N1)C)O","US039857546","reactant"
"Cl(=O)(=O)(=O)[O-].C(C1=CC=CC=C1)(=O)CCC[N+]1=CC=C(C=C1)C1=CC(=NO1)C","US039857547","reactant"
"ClCCCC(=O)C1=CC=CC=C1","US039857547","reactant"
"CC1=NOC(=C1)C1=CC=NC=C1","US039857547","reactant"
"[BH4-].[Na+]","US039857547","reactant"
"FC1=CC=C(C=C1)C(CCCN1CCC(=CC1)C1=CC(=NO1)C)O","US039857548","reactant"
"[Cr](=O)(=O)(O)O","US039857548","reactant"
"C([O-])(O)=O.[Na+]","US039857548","reactant"
"O","US039857548","reactant"
"C1(CC1)C1=NC(=NO1)C=1CCN(CC1)CCCC(O)C1=CC=C(C=C1)F","US039857549","reactant"
"[Cr](=O)(=O)(O)O","US039857549","reactant"
"O","US039857549","reactant"
"C([O-])(O)=O.[Na+]","US039857549","reactant"
"FC1=CC=C(C=C1)C(CCCN1CCC(=CC1)C=1SC=C(N1)C)O","US0398575410","reactant"
"[Cr](=O)(=O)(O)O","US0398575410","reactant"
"C([O-])([O-])=O.[Na+].[Na+]","US0398575410","reactant"
"C(C)OC(CC(C1=CC=CC=C1)=O)=O","US039857601","reactant"
"NC1=CC(=NO1)C","US039857601","reactant"
"CC1=NOC=2N=C(C=C(C21)O)C2=CC=CC=C2","US039857602","reactant"
"P(=O)(Cl)(Cl)Cl","US039857602","reactant"
"ClC1=C2C(=NC(=C1)C1=CC=CC=C1)ON=C2C","US039857603","reactant"
"C(CCC)N","US039857603","reactant"
"CNC=1C2=C(N=C(C1)C1=CC=CC=C1)ON=C2C","US039857604","reactant"
"Cl","US039857604","reactant"
"ClC=1C=CC(=C(C=O)C1)O","US039857612","reactant"
"C(CCC)N","US039857612","reactant"
"O","US039857612","reactant"
"[N+](=O)([O-])C","US039857612","reactant"
"C(C)(=O)C#CC1=CC=CC=C1","US039857651","reactant"
"C[Si](C)(C)N=[N+]=[N-]","US039857651","reactant"
"C1(=CC=CC=C1)C#CC1=CC=CC=C1","US039857652","reactant"
"C[Si](C)(C)N=[N+]=[N-]","US039857652","reactant"
"[Cl-].C(C)(C)(C)N(C1=CC=CC=C1)[S+](C)C","US039857561","reactant"
"[SH3+]","US039857561","reactant"
"FC(C(=O)[O-])(F)F","US039857561","reactant"
"NC1=CC=CC=C1","US039857562","reactant"
"ClOC(C)(C)C","US039857562","reactant"
"S1CCCC1","US039857562","reactant"
"C[O-].[Na+]","US039857562","reactant"
"NC1=CC=CC=C1","US039857563","reactant"
"C(C1=CC=CC=C1)SC1=CC=CC=C1","US039857563","reactant"
"C(C)(C)(C)OCl","US039857563","reactant"
"C[O-].[Na+]","US039857563","reactant"
"C(C)#N","US039857563","reactant"
"[N+](=O)([O-])C1=CC=C(N)C=C1","US039857564","reactant"
"C(C1=CC=CC=C1)SC1=CC=CC=C1","US039857564","reactant"
"C(C)(C)(C)OCl","US039857564","reactant"
"C[O-].[Na+]","US039857564","reactant"
"C(C)#N","US039857564","reactant"
"N1C=NC=C1","US039857661","reactant"
"C(C)N(CC)CC","US039857661","reactant"
"ClC1=CC=C(C=C1)C(Cl)(Cl)C1=CC=CC=C1","US039857661","reactant"
"C1=CC=CC=C1","US039857661","reactant"
"C(C)#N","US039857661","reactant"
"[N+](=O)([O-])C1=CC(=C(C=C1)O)N","US039857551","reactant"
"O1C(=CC=C1)C=O","US039857551","reactant"
"[N+](=O)([O-])C1=CC(=C(C=C1)O)N","US039857552","reactant"
"S1C(=CC=C1)C=O","US039857552","reactant"
"C(C)(=O)[O-].C(C)(=O)[O-].C(C)(=O)[O-].C(C)(=O)[O-].[Pb+4]","US039857552","reactant"
"[N+](=O)([O-])C1=CC(=C(C=C1)O)N","US039857553","reactant"
"CC1=CC=C(C=O)O1","US039857553","reactant"
"C(C)(=O)[O-].C(C)(=O)[O-].C(C)(=O)[O-].C(C)(=O)[O-].[Pb+4]","US039857553","reactant"
"[N+](=O)([O-])C=1C=CC2=C(N=C(O2)C=2OC(=CC2)C)C1","US039857554","reactant"
"CCO","US039857554","reactant"
"C(=S)(Cl)Cl","US039857554","reactant"
"C([O-])([O-])=O.[Ca+2]","US039857554","reactant"
"CN1C(=CC=C1)C=1OC2=C(N1)C=C(C=C2)[N+](=O)[O-]","US039857555","reactant"
"CC1=CC2=C(N=C(O2)C2=NC=CC=C2)C=C1[N+](=O)[O-]","US039857556","reactant"
"NC=1C(=CC2=C(N=C(O2)C2=NC=CC=C2)C1)C","US039857557","reactant"
"C([O-])([O-])=O.[Ca+2]","US039857557","reactant"
"C(OC)COC","US039857557","reactant"
"C(=S)(Cl)Cl","US039857557","reactant"
"ClCC[Si](Cl)(Cl)Cl","US039857801","reactant"
"C(C)(=O)OC(C)=O","US039857801","reactant"
"CI","US039857821","reactant"
"NC1=C(C=CC=C1)NC([S-])=S.[NH4+]","US039857821","reactant"
"C([O-])([O-])=O.[K+].[K+]","US039857851","reactant"
"NC=1N=C(NCC1C#N)C","US039857851","reactant"
"COC(=O)C=1C(C(=C(NC1C)C)C(=O)OCCCl)C1=CC(=CC=C1)[N+](=O)[O-]","US039857581","reactant"
"C1(=CC=CC=C1)C","US039857581","reactant"
"CN(CC1=CC=C(C=C1)C)CCOC(CC(=O)C)=O","US039857582","reactant"
"COC(\C=C(\C)/N)=O","US039857582","reactant"
"FC(C=1C=C(C=O)C=CC1)(F)F","US039857582","reactant"
"Cl","US039857582","reactant"
"ClC=1C=C(C=CC1C1CCCCC1)CC(C(=O)OCC)O","US039857881","reactant"
"S(=O)(Cl)Cl","US039857881","reactant"
"ClC(C(=O)OCC)CC1=CC(=C(C=C1)C1CCCCC1)Cl","US039857883","reactant"
"Cl","US039857883","reactant"
"C(C)NCC","US039857884","reactant"
"ClC(C(=O)O)CC1=CC(=C(C=C1)C1CCCCC1)Cl","US039857884","reactant"
"ClC=1C=C(C=CC1C1CCCCC1)CC(C(=O)OCC)O","US039857885","reactant"
"P(Br)(Br)(Br)(Br)Br","US039857885","reactant"
"BrC(C(=O)OCC)CC1=CC(=C(C=C1)C1CCCCC1)Cl","US039857886","reactant"
"[I-].[Na+]","US039857886","reactant"
"CN(C(N(C)C)=N)C","US039857641","reactant"
"C(=O)O","US039857641","reactant"
"N1(CCCC1)\C(=C/C(=O)OCC)\C","US039857711","reactant"
"[N+](=O)([O-])CC","US039857711","reactant"
"C(C)N(CC)CC","US039857711","reactant"
"P(=O)(Cl)(Cl)Cl","US039857711","reactant"
"[H-].[Al+3].[Li+].[H-].[H-].[H-]","US039857712","reactant"
"C(=O)(OCC)C=1C(=NOC1C)C","US039857712","reactant"
"S(=O)(=O)([O-])[O-].[Na+].[Na+]","US039857712","reactant"
"S(=O)(=O)([O-])[O-].[Na+].[Na+]","US039857712","reactant"
"ClCC=1C(=NOC1C)C","US039857713","reactant"
"C1(=CC=CC=C1)P(C1=CC=CC=C1)C1=CC=CC=C1","US039857713","reactant"
"[H-].[Na+]","US039857714","reactant"
"[Cl-].CC1=NOC(=C1C[P+](C1=CC=CC=C1)(C1=CC=CC=C1)C1=CC=CC=C1)C","US039857714","reactant"
"C1CC(OC=C1)C=O","US039857714","reactant"
"C1(O)=CC=C(O)C=C1","US039857714","reactant"
"CC1=NOC(=C1CCC1OC(CCC1)O)C","US039857716","reactant"
"CC1=NOC(=C1C=CC1OC=CCC1)C","US039857716","reactant"
"CC(=O)C.OS(=O)(=O)O.O=[Cr](=O)=O","US039857716","reactant"
"S([O-])(O)=O.[Na+]","US039857716","reactant"
"CC1=C(C(=O)Br)C=CC=C1","US039858042","reactant"
"C(C)OC1=C(N)C=CC=C1","US039858042","reactant"
"C([O-])(O)=O.[Na+]","US039858042","reactant"
"CC1=C(C(=O)Br)C=CC=C1","US039858042","reactant"
"OC=1C=C(NC(C2=C(C=CC=C2)C)=O)C=CC1","US039858043","reactant"
"C(C)O","US039858043","reactant"
"C(C)(C)Br","US039858043","reactant"
"C(C)(C)Br","US039858043","reactant"
"OC=1C=C(NC(C2=C(C=CC=C2)C)=O)C=CC1","US039858044","reactant"
"[OH-].[K+]","US039858044","reactant"
"C(CCC)Br","US039858044","reactant"
"OC=1C=C(NC(C2=C(C=CC=C2)C)=O)C=CC1","US039858045","reactant"
"C(C#C)Br","US039858045","reactant"
"C([O-])([O-])=O.[Na+].[Na+]","US039858045","reactant"
"OC=1C=C(NC(C2=C(C=CC=C2)C)=O)C=CC1","US039858046","reactant"
"[OH-].[K+]","US039858046","reactant"
"C(C1=CC=CC=C1)Cl","US039858046","reactant"
"O","US039858046","reactant"
"CC1=C(C(=O)O)C=CC=C1","US039858047","reactant"
"COC=1C=C(N)C=CC1","US039858047","reactant"
"C(C)N(CC)CC","US039858047","reactant"
"P(Cl)(Cl)Cl","US039858047","reactant"
"CC1=C(C(=O)O)C=CC=C1","US039858048","reactant"
"C(C)OC1=C(N)C=CC=C1","US039858048","reactant"
"O=P12OP3(=O)OP(=O)(O1)OP(=O)(O2)O3","US039858048","reactant"
"CC1=C(C(=O)O)C=CC=C1","US039858049","reactant"
"C(C)(C)OC=1C=C(N)C=CC1","US039858049","reactant"
"C(C)N(CC)CC","US039858049","reactant"
"P(=O)(Cl)(Cl)Cl","US039858049","reactant"
"C(C1=CC=CC=C1)(=O)C1=C(C(=O)O)C=CC(=C1)Cl","US039858111","reactant"
"[H-].[H-].[H-].[H-].[Li+].[Al+3]","US039858111","reactant"
"[Cl-].[NH4+]","US039858111","reactant"
"ClC=1C=CC(=C(C(C2=CC=CC=C2)O)C1)CO","US039858112","reactant"
"CN=C=O","US039858112","reactant"
"N1=CC=CC=C1","US039858112","reactant"
"CO","US039858112","reactant"
"ClC=1C=CC(=C(C(C2=CC=CC=C2)O)C1)CO","US039858113","reactant"
"C(C)(=O)OC(C)=O","US039858113","reactant"
"C(C)(=O)OCC1=C(C(C2=CC=CC=C2)O)C=C(C=C1)Cl","US039858114","reactant"
"P(Br)(Br)Br","US039858114","reactant"
"C(C)(=O)OCC1=C(C(C2=CC=CC=C2)Br)C=C(C=C1)Cl","US039858115","reactant"
"N","US039858115","reactant"
"C(C)O","US039858115","reactant"
"C1(=CC=C(C=C1)S(=O)(=O)Cl)C","US039858131","reactant"
"C(CCC=CC#CCC)O","US039858131","reactant"
"S(=O)(=O)(C1=CC=C(C)C=C1)OCCCC=CC#CCC","US039858132","reactant"
"[Br-].[Na+]","US039858132","reactant"
"[Na]","US039858171","reactant"
"[Mg]","US039858171","reactant"
"[Mg]","US039858171","reactant"
"C1(=C(C(=CC(=C1)C)C)OC1=C(C=C(C=C1C)C)C)C","US039858171","reactant"
"C(C)OCC","US039858171","reactant"
"FC1=C(C=CC(=C1)F)C","US039857991","reactant"
"C(CCC)[Li]","US039857991","reactant"
"C(=O)=O","US039857991","reactant"
"[OH-].[Na+]","US039857991","reactant"
"[N+](=O)([O-])C=1C=C(C(=O)O)C=C(C1OC1=CC=CC=C1)S(N)(=O)=O","US039857771","reactant"
"[OH-].[Li+]","US039857771","reactant"
"[H][H]","US039857771","reactant"
"[H][H]","US039857771","reactant"
"CN","US039857772","reactant"
"ClC1=C(C=C(C(=O)O)C=C1S(=O)(=O)Cl)[N+](=O)[O-]","US039857772","reactant"
"[OH-].[Na+]","US039857772","reactant"
"ClC1=C(C=C(C(=O)O)C=C1S(N(C)C)(=O)=O)[N+](=O)[O-]","US039857773","reactant"
"C1(=CC=CC=C1)O","US039857773","reactant"
"C(O)([O-])=O.[Na+]","US039857773","reactant"
"ClC1=C(C=C(C(=O)O)C=C1S(N(C)C)(=O)=O)[N+](=O)[O-]","US039857774","reactant"
"C(CCC)NS(=O)(=O)C=1C(=C(C=C(C(=O)O)C1)[N+](=O)[O-])Cl","US039857774","reactant"
"NC=1C=C(C(=O)O)C=C(C1OC1=CC=CC=C1)S(NC)(=O)=O","US039857774","reactant"
"CNC","US039857774","reactant"
"C(CCC)N","US039857774","reactant"
"NC1=CC(C(=O)O)=CC(C1)(OC1=CC=CC=C1)S(NCCCC)(=O)=O","US039857774","reactant"
"ClC1=C(C=C(C(=O)O)C=C1S(=O)(=O)Cl)[N+](=O)[O-]","US039857775","reactant"
"NC1=CC=CC=C1","US039857775","reactant"
"ClC1=C(C=C(C(=O)O)C=C1S(N)(=O)=O)[N+](=O)[O-]","US039857776","reactant"
"COC1=CC=C(C=C1)O","US039857776","reactant"
"COC1=CC=C(OC2=C(C=C(C(=O)O)C=C2S(N)(=O)=O)[N+](=O)[O-])C=C1","US039857777","reactant"
"[N+](=O)([O-])C=1C=C(C(=O)O)C=C(C1OC1=CC=CC=C1)S(N)(=O)=O","US039857777","reactant"
"ClC1=C(C=C(C(=O)O)C=C1S(N)(=O)=O)[N+](=O)[O-]","US039857778","reactant"
"FC(C=1C=C(C=CC1)O)(F)F","US039857778","reactant"
"Cl","US039857778","reactant"
"[N+](=O)([O-])C=1C=C(C(=O)O)C=C(C1OC1=CC(=CC=C1)C(F)(F)F)S(N)(=O)=O","US039857779","reactant"
"[N+](=O)([O-])C=1C=C(C(=O)O)C=C(C1OC1=CC=CC=C1)S(N)(=O)=O","US039857779","reactant"
"ClC1=C(C=C(C(=O)O)C=C1S(N)(=O)=O)[N+](=O)[O-]","US0398577710","reactant"
"ClC=1C=C(C=CC1)O","US0398577710","reactant"
"C([O-])(O)=O.[Na+]","US0398577710","reactant"
"[Cl-].[NH4+]","US0398577711","reactant"
"Cl","US0398577711","reactant"
"ClC=1C=C(OC2=C(C=C(C(=O)O)C=C2S(N)(=O)=O)[N+](=O)[O-])C=CC1","US0398577711","reactant"
"[OH-].[Na+]","US0398577711","reactant"
"COC1=C(C=C(C(=O)O)C=C1S(N)(=O)=O)[N+](=O)[O-]","US0398577712","reactant"
"ClC1=C(C=C(C(=O)O)C=C1S(N)(=O)=O)[N+](=O)[O-]","US0398577713","reactant"
"NC1=CC=CC=C1","US0398577713","reactant"
"Cl","US0398577713","reactant"
"N(C1=CC=CC=C1)C1=C(C=C(C(=O)O)C=C1S(N)(=O)=O)[N+](=O)[O-]","US0398577714","reactant"
"[OH-].[Na+]","US0398577714","reactant"
"[OH-].[Li+]","US0398577714","reactant"
"[H][H]","US0398577714","reactant"
"[H][H]","US0398577714","reactant"
"ClC1=C(C=C(C(=O)O)C=C1S(N)(=O)=O)[N+](=O)[O-]","US0398577715","reactant"
"NC1=CC(=CC=C1)C","US0398577715","reactant"
"[N+](=O)([O-])C=1C=C(C(=O)O)C=C(C1NC=1C=C(C=CC1)C)S(N)(=O)=O","US0398577716","reactant"
"N(C1=CC=CC=C1)C1=C(C=C(C(=O)O)C=C1S(N)(=O)=O)[N+](=O)[O-]","US0398577716","reactant"
"[N+](=O)([O-])C=1C=C(C(=O)O)C=C(C1NC1=CC=C(C=C1)C)S(N)(=O)=O","US0398577717","reactant"
"N(C1=CC=CC=C1)C1=C(C=C(C(=O)O)C=C1S(N)(=O)=O)[N+](=O)[O-]","US0398577717","reactant"
"[N+](=O)([O-])C=1C=C(C(=O)O)C=C(C1NC=1C(=CC=CC1)C)S(N)(=O)=O","US0398577718","reactant"
"N(C1=CC=CC=C1)C1=C(C=C(C(=O)O)C=C1S(N)(=O)=O)[N+](=O)[O-]","US0398577718","reactant"
"COC1=C(NC2=C(C=C(C(=O)O)C=C2S(N)(=O)=O)[N+](=O)[O-])C=CC=C1","US0398577719","reactant"
"N(C1=CC=CC=C1)C1=C(C=C(C(=O)O)C=C1S(N)(=O)=O)[N+](=O)[O-]","US0398577719","reactant"
"COC=1C=C(NC2=C(C=C(C(=O)O)C=C2S(N)(=O)=O)[N+](=O)[O-])C=CC1","US0398577720","reactant"
"N(C1=CC=CC=C1)C1=C(C=C(C(=O)O)C=C1S(N)(=O)=O)[N+](=O)[O-]","US0398577720","reactant"
"COC1=CC=C(NC2=C(C=C(C(=O)O)C=C2S(N)(=O)=O)[N+](=O)[O-])C=C1","US0398577721","reactant"
"N(C1=CC=CC=C1)C1=C(C=C(C(=O)O)C=C1S(N)(=O)=O)[N+](=O)[O-]","US0398577721","reactant"
"[N+](=O)([O-])C=1C=C(C(=O)O)C=C(C1NC1=CC(=CC=C1)C(F)(F)F)S(N)(=O)=O","US0398577722","reactant"
"N(C1=CC=CC=C1)C1=C(C=C(C(=O)O)C=C1S(N)(=O)=O)[N+](=O)[O-]","US0398577722","reactant"
"[N+](=O)([O-])C=1C=C(C(=O)O)C=C(C1NC1=C(C=C(C=C1)C)C)S(N)(=O)=O","US0398577723","reactant"
"N(C1=CC=CC=C1)C1=C(C=C(C(=O)O)C=C1S(N)(=O)=O)[N+](=O)[O-]","US0398577723","reactant"
"ClC1=CC=C(NC2=C(C=C(C(=O)O)C=C2S(N)(=O)=O)[N+](=O)[O-])C=C1","US0398577724","reactant"
"N","US0398577724","reactant"
"S(=O)([O-])S(=O)[O-].[Na+].[Na+]","US0398577724","reactant"
"OC1=CC=C(NC2=C(C=C(C(=O)O)C=C2S(N)(=O)=O)[N+](=O)[O-])C=C1","US0398577725","reactant"
"[N+](=O)([O-])C=1C=C(C(=O)O)C=C(C1OC1=CC=CC=C1)S(N)(=O)=O","US0398577725","reactant"
"C1(CCCCC1)NC1=C(C=C(C(=O)O)C=C1S(N)(=O)=O)[N+](=O)[O-]","US0398577726","reactant"
"[N+](=O)([O-])C=1C=C(C(=O)O)C=C(C1OC1=CC=CC=C1)S(N)(=O)=O","US0398577726","reactant"
"C(C1=CC=CC=C1)NC1=C(C=C(C(=O)O)C=C1S(N)(=O)=O)[N+](=O)[O-]","US0398577727","reactant"
"N(C1=CC=CC=C1)C1=C(C=C(C(=O)O)C=C1S(N)(=O)=O)[N+](=O)[O-]","US0398577727","reactant"
"ClC1=C(C=C(C(=O)O)C=C1S(N)(=O)=O)[N+](=O)[O-]","US0398577728","reactant"
"C1(=CC=CC=C1)CCN","US0398577728","reactant"
"[N+](=O)([O-])C=1C=C(C(=O)O)C=C(C1NCCC1=CC=CC=C1)S(N)(=O)=O","US0398577729","reactant"
"N(C1=CC=CC=C1)C1=C(C=C(C(=O)O)C=C1S(N)(=O)=O)[N+](=O)[O-]","US0398577729","reactant"
"C(=O)(O)C1=CC=C(NC2=C(C=C(C(=O)O)C=C2S(N)(=O)=O)[N+](=O)[O-])C=C1","US0398577730","reactant"
"N(C1=CC=CC=C1)C1=C(C=C(C(=O)O)C=C1S(N)(=O)=O)[N+](=O)[O-]","US0398577730","reactant"
"ClC1=C(C=C(C(=O)O)C=C1S(N)(=O)=O)[N+](=O)[O-]","US0398577731","reactant"
"COCCN","US0398577731","reactant"
"COCCNC1=C(C=C(C(=O)O)C=C1S(N)(=O)=O)[N+](=O)[O-]","US0398577732","reactant"
"[H][H]","US0398577732","reactant"
"C(C)(C)N","US0398577733","reactant"
"ClC1=C(C=C(C(=O)O)C=C1S(N)(=O)=O)[N+](=O)[O-]","US0398577733","reactant"
"C(C)(C)NC1=C(C=C(C(=O)O)C=C1S(N)(=O)=O)[N+](=O)[O-]","US0398577734","reactant"
"N(C1=CC=CC=C1)C1=C(C=C(C(=O)O)C=C1S(N)(=O)=O)[N+](=O)[O-]","US0398577734","reactant"
"ClC1=C(C=C(C(=O)O)C=C1S(N)(=O)=O)[N+](=O)[O-]","US0398577735","reactant"
"N1CCCCC1","US0398577735","reactant"
"Cl","US0398577735","reactant"
"[N+](=O)([O-])C=1C=C(C(=O)O)C=C(C1N1CCCCC1)S(N)(=O)=O","US0398577736","reactant"
"N(C1=CC=CC=C1)C1=C(C=C(C(=O)O)C=C1S(N)(=O)=O)[N+](=O)[O-]","US0398577736","reactant"
"O1CCN(CC1)C1=C(C=C(C(=O)O)C=C1S(N)(=O)=O)[N+](=O)[O-]","US0398577737","reactant"
"N(C1=CC=CC=C1)C1=C(C=C(C(=O)O)C=C1S(N)(=O)=O)[N+](=O)[O-]","US0398577737","reactant"
"ClC1=C(C=C(C(=O)O)C=C1S(N)(=O)=O)[N+](=O)[O-]","US0398577738","reactant"
"CN(CCCN)C","US0398577738","reactant"
"C1=C(C=CC2=CC=CC=C12)NC1=C(C=C(C(=O)O)C=C1S(N)(=O)=O)[N+](=O)[O-]","US0398577739","reactant"
"N(C1=CC=CC=C1)C1=C(C=C(C(=O)O)C=C1S(N)(=O)=O)[N+](=O)[O-]","US0398577739","reactant"
"ClC1=C(C=C(C(=O)O)C=C1S(N)(=O)=O)[N+](=O)[O-]","US0398577740","reactant"
"C1(=CC=CC=C1)S","US0398577740","reactant"
"[Cl-].[NH4+]","US0398577741","reactant"
"Cl","US0398577741","reactant"
"[N+](=O)([O-])C=1C=C(C(=O)O)C=C(C1SC1=CC=CC=C1)S(N)(=O)=O","US0398577741","reactant"
"[OH-].[Na+]","US0398577741","reactant"
"S(=O)([O-])S(=O)[O-].[Na+].[Na+]","US0398577742","reactant"
"C(CCC)SC1=C(C=C(C(=O)O)C=C1S(N)(=O)=O)[N+](=O)[O-]","US0398577742","reactant"
"Cl","US0398577742","reactant"
"[OH-].[Na+]","US0398577742","reactant"
"[N+](=O)([O-])C=1C=C(C(=O)O)C=C(C1SC1=C(C=CC=C1)C)S(N)(=O)=O","US0398577743","reactant"
"C(CCC)SC1=C(C=C(C(=O)O)C=C1S(N)(=O)=O)[N+](=O)[O-]","US0398577743","reactant"
"[N+](=O)([O-])C=1C=C(C(=O)O)C=C(C1S(=O)(=O)C1=CC=CC=C1)S(N)(=O)=O","US0398577744","reactant"
"[H][H]","US0398577744","reactant"
"[H][H]","US0398577744","reactant"
"[OH-].[Na+]","US0398577744","reactant"
"S(=O)([O-])S(=O)[O-].[Na+].[Na+]","US0398577745","reactant"
"C(CCC)S(=O)C1=C(C=C(C(=O)O)C=C1S(N)(=O)=O)[N+](=O)[O-]","US0398577745","reactant"
"Cl","US0398577745","reactant"
"S(=O)=O","US0398577745","reactant"
"[OH-].[Na+]","US0398577745","reactant"
"[N+](=O)([O-])C=1C=C(C(=O)O)C=C(C1OCC(F)(F)F)S(N)(=O)=O","US0398577747","reactant"
"[OH-].[Li+]","US0398577747","reactant"
"[H][H]","US0398577747","reactant"
"[H][H]","US0398577747","reactant"
"ClC1=C(C=C(C(=O)O)C=C1S(N)(=O)=O)[N+](=O)[O-]","US0398577748","reactant"
"Cl","US0398577748","reactant"
"Cl","US0398577748","reactant"
"C(C)O","US0398577748","reactant"
"C(C)OC(C1=CC(=C(C(=C1)S(N)(=O)=O)Cl)[N+](=O)[O-])=O","US0398577749","reactant"
"NC1=CC=CC(=N1)C","US0398577749","reactant"
"C(C)OC(C1=CC(=C(C(=C1)S(N)(=O)=O)NC1=CC=CC(=N1)C)[N+](=O)[O-])=O","US0398577750","reactant"
"O","US0398577750","reactant"
"Cl","US0398577750","reactant"
"C(CCC)OC(C1=CC(=C(C(=C1)S(N)(=O)=O)OC1=CC=C(C=C1)OCC1=CC=CC=C1)[N+](=O)[O-])=O","US0398577752","reactant"
"Cl","US0398577752","reactant"
"C(C1=CC=CC=C1)OC1=CC=C(OC2=C(C=C(C(=O)O)C=C2S(N)(=O)=O)[N+](=O)[O-])C=C1","US0398577753","reactant"
"[OH-].[Na+]","US0398577753","reactant"
"[H][H]","US0398577753","reactant"
"[H][H]","US0398577753","reactant"
"[N+](=O)([O-])C=1C=C(C(=O)O)C=C(C1OC1=CC=CC=C1)S(N)(=O)=O","US0398577754","reactant"
"S(=O)(Cl)Cl","US0398577754","reactant"
"[N+](=O)([O-])C=1C=C(C(=O)Cl)C=C(C1OC1=CC=CC=C1)S(N)(=O)=O","US0398577755","reactant"
"N","US0398577755","reactant"
"[N+](=O)([O-])C=1C=C(C(=O)N)C=C(C1OC1=CC=CC=C1)S(N)(=O)=O","US0398577756","reactant"
"[H][H]","US0398577756","reactant"
"[H][H]","US0398577756","reactant"
"NC=1C=C(C(=O)N)C=C(C1OC1=CC=CC=C1)S(N)(=O)=O","US0398577757","reactant"
"[OH-].[Na+]","US0398577757","reactant"
"[N+](=O)([O-])C=1C=C(C(=O)O)C=C(C1OC1=CC=CC=C1)S(N)(=O)=O","US0398577758","reactant"
"[OH-].[Li+]","US0398577758","reactant"
"C(C)(=O)OC(C)=O","US0398577758","reactant"
"[OH-].[Li+]","US0398577758","reactant"
"C(CCC)NC=1C=C(C(=O)O)C=C(C1OC1=CC=CC=C1)S(N)(=O)=O","US0398577759","reactant"
"Cl","US0398577759","reactant"
"CO","US0398577759","reactant"
"C(CCC)NC=1C=C(C(=O)O)C=C(C1OC1=CC=CC=C1)S(N)(=O)=O","US0398577760","reactant"
"ClCC#N","US0398577760","reactant"
"C(C)N(CC)CC","US0398577760","reactant"
"S(O)(=O)(=O)Cl","US0398577761","reactant"
"C(CCC)NC=1C=C(C(=O)O)C=C(C1OC1=CC=CC=C1)S(N)(=O)=O","US0398577761","reactant"
"NC=1C=C(C(=O)O)C=C(C1SC1=CC=CC=C1)S(N)(=O)=O","US0398577763","reactant"
"[OH-].[Li+]","US0398577763","reactant"
"C(C1=CC=CC=C1)Br","US0398577763","reactant"
"[OH-].[Li+]","US0398577763","reactant"
"C(CCC)NC=1C=C(C(=O)O)C=C(C1SC1=CC=CC=C1)S(N)(=O)=O","US0398577764","reactant"
"C(C)(=O)O","US0398577764","reactant"
"NC=1C=C(C(=O)O)C=C(C1NC1=CC=CC=C1)S(N)(=O)=O","US0398577765","reactant"
"C(C1=CC=CC=C1)Br","US0398577765","reactant"
"C(C)O","US0398577765","reactant"
"C(C)OC(C1=CC(=C(C(=C1)S(N)(=O)=O)NC1=CC=CC=C1)NCC1=CC=CC=C1)=O","US0398577766","reactant"
"NC=1C=C(C(=O)O)C=C(C1NC1=CC=CC=C1)S(N)(=O)=O","US0398577767","reactant"
"NC=1C=C(C(=O)O)C=C(C1NC1=CC=CC=C1)S(NC1=CC=CC=C1)(=O)=O","US0398577767","reactant"
"C(C1=CC=CC=C1)Br","US0398577767","reactant"
"C(C)OC(C1=CC(=C(C(=C1)S(NC1=CC=CC=C1)(=O)=O)NC1=CC=CC=C1)NCC1=CC=CC=C1)=O","US0398577768","reactant"
"C(C1=CC=CC=C1)NC=1C=C(C(=O)O)C=C(C1SC1=CC=CC=C1)S(N)(=O)=O","US0398577769","reactant"
"C(C)(=O)O","US0398577769","reactant"
"NC=1C=C(C(=O)O)C=C(C1OC1=CC=CC=C1)S(N)(=O)=O","US0398577770","reactant"
"BrCCCCCC","US0398577770","reactant"
"CS(=O)(=O)O","US0398577770","reactant"
"NC=1C=C(C(=O)O)C=C(C1OC1=CC=CC=C1)S(N)(=O)=O","US0398577771","reactant"
"C(C=C)Br","US0398577771","reactant"
"C(C)O","US0398577771","reactant"
"C(C)OC(C1=CC(=C(C(=C1)S(N)(=O)=O)OC1=CC=CC=C1)NCC=C)=O","US0398577772","reactant"
"O","US0398577772","reactant"
"Cl","US0398577772","reactant"
"C(C#C)Br","US0398577773","reactant"
"C(C=C)NC=1C=C(C(=O)O)C=C(C1OC1=CC=CC=C1)S(N)(=O)=O","US0398577773","reactant"
"C(C)OC(C1=CC(=C(C(=C1)S(N)(=O)=O)OC1=CC=CC=C1)NCC#C)=O","US0398577774","reactant"
"C(C)OC(C1=CC(=C(C(=C1)S(N)(=O)=O)OC1=CC=CC=C1)NCC=C)=O","US0398577774","reactant"
"C(C)OC(C1=CC(=C(C(=C1)S(N)(=O)=O)OC1=CC=CC=C1)NCC=C)=O","US0398577775","reactant"
"[H][H]","US0398577775","reactant"
"[H][H]","US0398577775","reactant"
"C(C)OC(C1=CC(=C(C(=C1)S(N)(=O)=O)OC1=CC=CC=C1)NCCC)=O","US0398577776","reactant"
"NC=1C=C(C(=O)O)C=C(C1OC1=CC=CC=C1)S(N)(=O)=O","US0398577777","reactant"
"C(C)I","US0398577777","reactant"
"C(C)O","US0398577777","reactant"
"NC=1C=C(C(=O)O)C=C(C1OC1=CC=CC=C1)S(N)(=O)=O","US0398577778","reactant"
"S(O)(O)(=O)=O","US0398577778","reactant"
"C(CCCC)NC=1C=C(C(=O)OCCCCC)C=C(C1OC1=CC=CC=C1)S(N)(=O)=O","US0398577779","reactant"
"Cl","US0398577779","reactant"
"NC=1C=C(C(=O)O)C=C(C1OC1=CC=C(C=C1)OCC1=CC=CC=C1)S(N)(=O)=O","US0398577780","reactant"
"C(C1=CC=CC=C1)Br","US0398577780","reactant"
"C(C)O","US0398577780","reactant"
"C(C1=CC=CC=C1)NC=1C=C(C(=O)OCC)C=C(C1OC1=CC=C(C=C1)OCC1=CC=CC=C1)S(N)(=O)=O","US0398577781","reactant"
"Cl","US0398577781","reactant"
"NC=1C=C(C(=O)O)C=C(C1NCCC1=CC=CC=C1)S(N)(=O)=O","US0398577783","reactant"
"C(C1=CC=CC=C1)Br","US0398577783","reactant"
"NC=1C=C(C(=O)O)C=C(C1N1CCCCC1)S(N)(=O)=O","US0398577784","reactant"
"C(C1=CC=CC=C1)Br","US0398577784","reactant"
"C(C)O","US0398577784","reactant"
"NC=1C=C(C(=O)O)C=C(C1NC(C)C)S(N)(=O)=O","US0398577785","reactant"
"C(C1=CC=CC=C1)Br","US0398577785","reactant"
"NC=1C=C(C(=O)O)C=C(C1NC1=CC=CC(=N1)C)S(N)(=O)=O","US0398577786","reactant"
"[OH-].[Li+]","US0398577786","reactant"
"C(C1=CC=CC=C1)Br","US0398577786","reactant"
"[OH-].[Li+]","US0398577786","reactant"
"NC=1C=C(C(=O)O)C=C(C1OC1=CC(=CC=C1)C(F)(F)F)S(N)(=O)=O","US0398577787","reactant"
"C(C1=CC=CC=C1)Br","US0398577787","reactant"
"C(C)O","US0398577787","reactant"
"NC=1C=C(C(=O)O)C=C(C1NC1=CC(=CC=C1)C(F)(F)F)S(N)(=O)=O","US0398577788","reactant"
"NC=1C=C(C(=O)O)C=C(C1OC1=CC(=CC=C1)C(F)(F)F)S(N)(=O)=O","US0398577788","reactant"
"C(C)O","US0398577788","reactant"
"NC=1C=C(C(=O)O)C=C(C1NC1=CC2=CC=CC=C2C=C1)S(N)(=O)=O","US0398577789","reactant"
"NC=1C=C(C(=O)O)C=C(C1OC1=CC(=CC=C1)C(F)(F)F)S(N)(=O)=O","US0398577789","reactant"
"C(C)O","US0398577789","reactant"
"NC=1C=C(C(=O)O)C=C(C1NC=1C=C(C=CC1)C)S(N)(=O)=O","US0398577790","reactant"
"C(C1=CC=CC=C1)Br","US0398577790","reactant"
"C(C)O","US0398577790","reactant"
"NC=1C=C(C(=O)O)C=C(C1N1CCOCC1)S(N)(=O)=O","US0398577791","reactant"
"C(C1=CC=CC=C1)Br","US0398577791","reactant"
"C(C1=CC=CC=C1)Br","US0398577791","reactant"
"C(C)O","US0398577791","reactant"
"C(C)O","US0398577791","reactant"
"NC=1C=C(C(=O)O)C=C(C1NC1=CC=CC=C1)S(N)(=O)=O","US0398577792","reactant"
"OS(=O)(=O)O","US0398577792","reactant"
"N(C1=CC=CC=C1)C1=C(C=C(C(=O)OCCCC)C=C1S(N)(=O)=O)NCCCC","US0398577792","reactant"
"[OH-].[Na+]","US0398577792","reactant"
"ClC1=C(C=C(C(=O)O)C=C1S(N)(=O)=O)[N+](=O)[O-]","US0398577793","reactant"
"C(CCC)N","US0398577793","reactant"
"C(CCC)NC1=C(C=C(C(=O)O)C=C1S(N)(=O)=O)[N+](=O)[O-]","US0398577794","reactant"
"[OH-].[Na+]","US0398577794","reactant"
"[H][H]","US0398577794","reactant"
"NC=1C=C(C(=O)O)C=C(C1NCCCC)S(N)(=O)=O","US0398577795","reactant"
"[OH-].[Na+]","US0398577795","reactant"
"C(C1=CC=CC=C1)Br","US0398577795","reactant"
"[OH-].[Na+]","US0398577795","reactant"
"NC=1C=C(C(=O)O)C=C(C1OC1=CC=CC=C1)S(NC(C)=O)(=O)=O","US0398577796","reactant"
"C(C1=CC=CC=C1)=O","US0398577796","reactant"
"[H][H]","US0398577796","reactant"
"[H][H]","US0398577796","reactant"
"C(C)(=O)NS(=O)(=O)C=1C(=C(C=C(C(=O)O)C1)NCC1=CC=CC=C1)OC1=CC=CC=C1","US0398577797","reactant"
"Cl","US0398577797","reactant"
"[OH-].[Na+]","US0398577797","reactant"
"Cl","US0398577797","reactant"
"NC=1C=C(C(=O)O)C=C(C1OC1=CC=CC=C1)S(NC)(=O)=O","US0398577798","reactant"
"C(C1=CC=CC=C1)Br","US0398577798","reactant"
"C(C1=CC=CC=C1)Br","US0398577798","reactant"
"C(C)O","US0398577798","reactant"
"C(C1=CC=CC=C1)NC=1C=C(C(=O)OCC)C=C(C1OC1=CC=CC=C1)S(NC)(=O)=O","US0398577799","reactant"
"NC=1C=C(C(=O)O)C=C(C1OC1=CC=CC=C1)S(N(C)C)(=O)=O","US03985777100","reactant"
"C(C1=CC=CC=C1)Br","US03985777100","reactant"
"C(C)O","US03985777100","reactant"
"C(C1=CC=CC=C1)NC=1C=C(C(=O)OCC)C=C(C1OC1=CC=CC=C1)S(N(C)C)(=O)=O","US03985777101","reactant"
"[OH-].[Na+]","US03985777101","reactant"
"C(C1=CC=CC=C1)NC=1C=C(C(=O)OCC)C=C(C1OC1=CC=CC=C1)S(NCCCC)(=O)=O","US03985777102","reactant"
"C(C1=CC=CC=C1)NC=1C=C(C(=O)OCC)C=C(C1OC1=CC=CC=C1)S(N(C)C)(=O)=O","US03985777102","reactant"
"NC=1C=C(C(=O)O)C=C(C1OC1=CC=CC=C1)S(NCCCC)(=O)=O","US03985777103","reactant"
"NC=1C=C(C(=O)O)C=C(C1OC1=CC=CC=C1)S(N)(=O)=O","US03985777103","reactant"
"N(C1=CC=CC=C1)C1=C(C=C(C(=O)OCC)C=C1S(NC1=CC=CC=C1)(=O)=O)NCC1=CC=CC=C1","US03985777104","reactant"
"Cl","US03985777104","reactant"
"CC(=O)OCC1=C(N2[C@@H]([C@@H](C2=O)N)SC1)C(=O)O","US039857401","reactant"
"C([O-])(O)=O.[Na+]","US039857401","reactant"
"P(=O)([O-])([O-])[O-]","US039857401","reactant"
"S1C(=NC=C1)C(O)=S","US039857401","reactant"
"P(O)(O)(O)=O","US039857401","reactant"
"CC(=O)OCC1=C(N2[C@@H]([C@@H](C2=O)N)SC1)C(=O)O","US039857402","reactant"
"C([O-])(O)=O.[Na+]","US039857402","reactant"
"P(=O)([O-])([O-])[O-]","US039857402","reactant"
"CC1=CN=C(S1)C(O)=S","US039857402","reactant"
"P(O)(O)(O)=O","US039857402","reactant"
"S1C=NC(=C1)C([O-])=S.[K+]","US039857403","reactant"
"P(=O)([O-])([O-])[O-]","US039857403","reactant"
"CC(=O)OCC1=C(N2[C@@H]([C@@H](C2=O)N)SC1)C(=O)O","US039857403","reactant"
"C(=O)(O)[O-].[Na+]","US039857403","reactant"
"OP(=O)(O)O","US039857403","reactant"
"CC(=O)OCC1=C(N2[C@@H]([C@@H](C2=O)N)SC1)C(=O)O","US039857406","reactant"
"C([O-])(O)=O.[Na+]","US039857406","reactant"
"P(=O)([O-])([O-])[O-]","US039857406","reactant"
"CC=1N=CSC1.S1C(=CC=C1)C(=O)O","US039857406","reactant"
"P(O)(O)(O)=O","US039857406","reactant"
"CC(=O)OCC1=C(N2[C@@H]([C@@H](C2=O)N)SC1)C(=O)O","US039857409","reactant"
"C([O-])(O)=O.[Na+]","US039857409","reactant"
"P(=O)([O-])([O-])[O-]","US039857409","reactant"
"CC=1N=CSC1C.S1C(=CC=C1)C(=O)O","US039857409","reactant"
"P(O)(O)(O)=O","US039857409","reactant"
"CC(=O)OCC1=C(N2[C@@H]([C@@H](C2=O)N)SC1)C(=O)O","US0398574010","reactant"
"C([O-])(O)=O.[Na+]","US0398574010","reactant"
"P(=O)([O-])([O-])[O-]","US0398574010","reactant"
"CC=1SC=CN1.[K+].S1C=CC(=C1)C(=O)[O-]","US0398574010","reactant"
"P(O)(O)(O)=O","US0398574010","reactant"
"[Mg]","US039858831","reactant"
"II","US039858831","reactant"
"C1=CC=C(C=C1)OC2=CC=C(C=C2)Br","US039858831","reactant"
"CC(C(=O)Cl)(C)C","US039858831","reactant"
"Cl","US039858831","reactant"
"NC1=CC=CC2=CC=CC(=C12)N","US039858801","reactant"
"C(C(O)C)(=O)O","US039858801","reactant"
"NC1=CC=CC2=CC=CC(=C12)N","US039858802","reactant"
"OC(C(=O)O)(CC)C","US039858802","reactant"
"C(C)O","US039858802","reactant"
"CCOCC","US039858802","reactant"
"Cl","US039858802","reactant"
"N1C(=NC2=CC=CC3=CC=CC1=C23)CO","US039858803","reactant"
"[H-].[Na+]","US039858803","reactant"
"[H][H]","US039858803","reactant"
"ClC(=O)OCC","US039858803","reactant"
"C(OC)COC","US039858803","reactant"
"C1=CC(C2=CC=CC3=NC=4N(C1=C32)COC4)=O","US039858804","reactant"
"N","US039858804","reactant"
"Cl.C(N)(OCC=1NC=2C=CC=C3C=CC=C(N1)C23)=O","US039858804","reactant"
"C1=CCC2=CC=CC3=NC=4N(C1=C32)COC4","US039858805","reactant"
"CNC","US039858805","reactant"
"C(OC)COC","US039858805","reactant"
"N1C(=NC2=CC=CC3=CC=CC1=C23)CO","US039858806","reactant"
"C(C1=CC=CC=C1)(=O)OC(C1=CC=CC=C1)=O","US039858806","reactant"
"N","US039858806","reactant"
"NC1=C(C=CC=C1)S","US039858852","reactant"
"C(C1=CN=CC=C1)(=O)O","US039858852","reactant"
"NC1=C(C=CC(=C1)[N+](=O)[O-])S","US039858853","reactant"
"C(C1=CN=CC=C1)(=O)O","US039858853","reactant"
"[N+](=O)([O-])C=1C=CC2=C(N=C(S2)C=2C=NC=CC2)C1","US039858854","reactant"
"Cl[Sn]Cl","US039858854","reactant"
"NC=1C=CC2=C(N=C(S2)C=2C=NC=CC2)C1","US039858855","reactant"
"C(C)N(CC)CC","US039858855","reactant"
"C(=S)(Cl)Cl","US039858855","reactant"
"NC1=C(C=C(C=C1)OC)S","US039858856","reactant"
"C(C1=CN=CC=C1)(=O)O","US039858856","reactant"
"C(Cl)(Cl)Cl","US039858856","reactant"
"COC1=CC2=C(N=C(S2)C2=NC=CC=C2)C=C1","US039858857","reactant"
"[N+](=O)(O)[O-]","US039858857","reactant"
"[OH-].[Na+]","US039858857","reactant"
"NC=1C(=CC2=C(N=C(S2)C2=NC=CC=C2)C1)OC","US039858858","reactant"
"O1CCCC1","US039858858","reactant"
"C(=S)(Cl)Cl","US039858858","reactant"
"C(C)N(CC)CC","US039858858","reactant"
"NC1=C(C=CC(=C1)[N+](=O)[O-])S","US039858859","reactant"
"S1C(=CC=C1)C(=O)O","US039858859","reactant"
"NC=1C=CC2=C(N=C(S2)C=2SC=CC2)C1","US0398588510","reactant"
"C(C)N(CC)CC","US0398588510","reactant"
"C(=S)(Cl)Cl","US0398588510","reactant"
"ClC1=CC=C(OC2=CC=C(C=C2)O)C=C1","US039858751","reactant"
"C([O-])([O-])=O.[K+].[K+]","US039858751","reactant"
"ClCC(=O)OC","US039858751","reactant"
"NCC1N(CCC2=CC=CC=C12)CCCC(=O)OCC","US039858811","reactant"
"C(C1=CC=CC=C1)(=O)NCC1N(CCC2=CC=CC=C12)CCCl","US039858811","reactant"
"C(CC(=O)OCC)(=O)OCC","US039858811","reactant"
"C(CCC)O[K]","US039858811","reactant"
"NCC1N(CCC2=CC=CC=C12)CCO","US039858812","reactant"
"COC=1C=C(C(=O)Cl)C=C(C1OC)OC","US039858812","reactant"
"COC=1C=C(C=CC1OC)CCCl","US039858814","reactant"
"COC=1C=C(C(=O)NCC#N)C=C(C1OC)OC","US039858814","reactant"
"ClC1=C(C=CC=C1)Cl","US039858814","reactant"
"[Sn](Cl)(Cl)(Cl)Cl","US039858814","reactant"
"C(CCC)[Li]","US039858871","reactant"
"BrC1=NC=CC=C1","US039858871","reactant"
"COC1=CC=C(C=O)C=C1","US039858871","reactant"
"N1=C(C=CC=C1)C(=O)C1=CC(=C(C=C1)OCC1=CC=CC=C1)N","US039858872","reactant"
"C(C)(=O)OC(C)=O","US039858872","reactant"
"[OH-].[Na+]","US039858872","reactant"
"N1=C(C=CC=C1)C(=O)C1=CC(=C(C=C1)OCC1=CC=CC=C1)N","US039858873","reactant"
"C(=O)OCC","US039858873","reactant"
"CN(S(=O)(=O)Cl)C","US039858874","reactant"
"N1=C(C=CC=C1)C(=O)C1=CC(=C(C=C1)OCC1=CC=CC=C1)N","US039858874","reactant"
"N1=C(C=CC=C1)C(=O)C1=CC(=C(C=C1)OCC1=CC=CC=C1)NC(C)=O","US039858875","reactant"
"[Na]","US039858875","reactant"
"S(=O)(=O)(Cl)Cl","US039858875","reactant"
"C(=O)(Cl)Cl","US039858876","reactant"
"N1=C(C=CC=C1)C(=O)C1=CC(=C(C=C1)OCC1=CC=CC=C1)N","US039858876","reactant"
"COC1=CC=C(C=O)C=C1","US039858877","reactant"
"CC1=CC=CC(=N1)C(=O)O","US039858877","reactant"
"CC1=CC=CC(=N1)C(=O)C1=CC=C(C=C1)OC","US039858878","reactant"
"C(CCC)C=1C=CC(=NC1)C(=O)C1=CC=C(C=C1)OC","US039858878","reactant"
"B(Br)(Br)Br","US039858878","reactant"
"C(C1=CC=CC=C1)Cl","US039858878","reactant"
"C1(=CC=CC=C1)CC#N","US039858881","reactant"
"C(C=C)(=O)OCC","US039858881","reactant"
"N1C(C2(CCC1=O)CCC(C1=CC=CC=C12)=O)=O","US039858884","reactant"
"C[O-].[Na+]","US039858884","reactant"
"S(=O)(=O)(OC)OC","US039858884","reactant"
"CC=1C=C2C(CCC3(C(NC(CC3)=O)=O)C2=CC1)=O","US039858886","reactant"
"C(C)(C)O","US039858886","reactant"
"C(C1=CC=CC=C1)=O","US039858861","reactant"
"C(C)OC(C=C(OCC)N)=O","US039858861","reactant"
"[N+](=O)([O-])C=1C=C(C=O)C=CC1","US039858862","reactant"
"COC(C=C(OCC)N)=O","US039858862","reactant"
"[N+](=O)([O-])C=1C=C(C=O)C=CC1","US039858863","reactant"
"C(C)OC(C=C(OCC)N)=O","US039858863","reactant"
"ClC=1C=C(C=O)C=CC1","US039858864","reactant"
"C(C)OC(C=C(OCC)N)=O","US039858864","reactant"
"ClC=1C=C(C=O)C=CC1","US039858865","reactant"
"COC(C=C(OCC)N)=O","US039858865","reactant"
"FC1=C(C=O)C=CC=C1","US039858867","reactant"
"COC(C=C(OCC)N)=O","US039858867","reactant"
"[N+](=O)([O-])C=1C=C(C=O)C(=CC1)Cl","US039858869","reactant"
"C(C)OC(C=C(OCC)N)=O","US039858869","reactant"
"O1C(=CC=C1)C=O","US0398588611","reactant"
"C(C)OC(C=C(OCC)N)=O","US0398588611","reactant"
"N1=CC=C(C=C1)C=O","US0398588613","reactant"
"C(C)OC(C=C(SCC)N)=O","US0398588613","reactant"
"CC1NC2=CC(=CC=C2CC1)C","US039858823","reactant"
"C(C)OC=C(C(=O)OCC)C(=O)OCC","US039858823","reactant"
"CC1CCC2=C3C(C(C(=CN13)C(=O)O)=O)=C(C=C2)[N+](=O)[O-]","US039858825","reactant"
"[OH-].[K+]","US039858825","reactant"
"[H][H]","US039858825","reactant"
"COC1=CC=C2C(C(=CN3C(CCC1=C23)C)C(=O)O)=O","US039858826","reactant"
"Br","US039858826","reactant"
"NC=1C=CC=2CCC(N3C=C(C(C1C23)=O)C(=O)O)C","US039858827","reactant"
"C(C)(=O)OC(C)=O","US039858827","reactant"
"NC1=C(C=C2C(C(=CN3C(CCC1=C23)C)C(=O)O)=O)Cl","US039858828","reactant"
"C(C)(=O)OC(C)=O","US039858828","reactant"
"FC1=CC=2CCC(N3C=C(C(C(C23)=C1)=O)C(=O)O)C","US039858829","reactant"
"S(=O)(Cl)Cl","US039858829","reactant"
"ClC1=CC(=NC2=CC=C(C=C12)F)C","US0398588211","reactant"
"ClC1=CC(=NC2=CC=C(C=C12)Cl)C","US0398588212","reactant"
"COC=1C=C2C=CC(=NC2=CC1)C","US0398588213","reactant"
"CN(C)C=1C=C2C=CC(=NC2=CC1)C","US0398588214","reactant"
"ClC1=C2C=CC(=NC2=CC=C1C)C","US0398588215","reactant"
"ClC1=CC(=NC2=CC=CC(=C12)OC)C","US0398588216","reactant"
"ClC1=CC(=NC2=CC=C(C=C12)F)C(F)(F)F","US0398588217","reactant"
"ClC1=CC(=NC2=CC=C(C=C12)OC)C(F)(F)F","US0398588218","reactant"
"ClC1=CC(=NC2=CC=C(C=C12)Cl)C(F)(F)F","US0398588219","reactant"
"[S-]C#N.[NH4+]","US039858981","reactant"
"C(C1=CC=CC=C1)(=O)Cl","US039858981","reactant"
"NC1CC2=CC=CC=C2C1","US039858981","reactant"
"O","US039858981","reactant"
"C(C1=CC=CC=C1)(=O)NC(=S)NC1CC2=CC=CC=C2C1","US039858982","reactant"
"[OH-].[Na+]","US039858982","reactant"
"N1CCC2(CC1)OC(C1=CC=CC=C12)=O","US039858891","reactant"
"ClCCCC(C1=CC=C(C=C1)F)C1=CC=C(C=C1)F","US039858891","reactant"
"C([O-])([O-])=O.[K+].[K+]","US039858891","reactant"
"N1CCC2(CC1)OCC1=CC=CC=C12","US039858892","reactant"
"C1COC(C(CC)Cl)(C2=CC=C(C=C2)F)O1","US039858892","reactant"
"C([O-])([O-])=O.[K+].[K+]","US039858892","reactant"
"ClC1=C(C(=O)NC(CO)(C)C)C=CC(=C1)F","US039858893","reactant"
"S(=O)(Cl)Cl","US039858893","reactant"
"BrC1=C(C(=O)NC(CO)(C)C)C=C(C(=C1)OC)OC","US039858894","reactant"
"S(=O)(Cl)Cl","US039858894","reactant"
"COC=1C=C2C(OC3(CCNCC3)C2=CC1OC)=O","US039858895","reactant"
"C1COC(C(CC)Cl)(C2=CC=C(C=C2)F)O1","US039858895","reactant"
"BrC1=C(C=C2C(=C1)OCO2)C=2OCC(N2)(C)C","US039858896","reactant"
"CN1CCC(CC1)=O","US039858896","reactant"
"CC1(N=C(OC1)C1=C(C=C2C(=C1)OCO2)C2(CCN(CC2)C)O)C","US039858897","reactant"
"Cl","US039858897","reactant"
"N1CCC2(CC1)OC(C1=CC=CC=C12)=O","US039858898","reactant"
"C([O-])(O)=O.[Na+]","US039858898","reactant"
"C(C=C)Br","US039858898","reactant"
"C(C1=CC=CC=C1)N1CC(CC1)=O","US039858899","reactant"
"BrC1=C(C=CC=C1)C=1OCC(N1)(C)C","US039858899","reactant"
"CN1CCC(CCC1)=O","US0398588910","reactant"
"BrC1=C(C=CC=C1)C=1OCC(N1)(C)C","US0398588910","reactant"
"C(C1=CC=CC=C1)N1CCC2(CC1)OC(C1=CC=CC=C12)=O","US0398588911","reactant"
"ClC(=O)OCC","US0398588911","reactant"
"C(C)OC(=O)N1CCC2(CC1)OC(C1=CC=CC=C12)=O","US0398588911","reactant"
"[H-].[Al+3].[Li+].[H-].[H-].[H-]","US0398588911","reactant"
"C(C)N1CCC(CC1)(C1=C(C=CC=C1)CO)O","US0398588914","reactant"
"BrC1=C(CO)C=CC(=C1)C(F)(F)F","US0398588915","reactant"
"CN1CCC(CC1)=O","US0398588915","reactant"
"BrC1=C(CO)C=C(C=C1)C","US0398588916","reactant"
"CN1CCC(CC1)=O","US0398588916","reactant"
"OC1(CCN(CC1)C)C1=C(C=C(C=C1)C)CO","US0398588917","reactant"
"Cl","US0398588917","reactant"
"BrC1=C(CO)C=CC(=C1)Cl","US0398588918","reactant"
"CN1CCC(CC1)=O","US0398588918","reactant"
"ClC1=CC(=C(C=C1)CO)C1(CCN(CC1)C)O","US0398588919","reactant"
"Cl","US0398588919","reactant"
"BrC1=C(CO)C=C(C=C1)F","US0398588920","reactant"
"CN1CCC(CC1)=O","US0398588920","reactant"
"FC=1C=CC(=C(C1)CO)C1(CCN(CC1)C)O","US0398588921","reactant"
"Cl","US0398588921","reactant"
"OC1(CN(CC1)C)C1=C(C=CC=C1)CO","US0398588922","reactant"
"Cl","US0398588922","reactant"
"C(C1=CC=CC=C1)(=O)CCN1CCC2(CC1)OC(C1=CC=CC=C12)=O","US0398588923","reactant"
"CO","US0398588923","reactant"
"O1CCCC1","US0398588923","reactant"
"[BH4-].[Na+]","US0398588923","reactant"
"N1CCC2(CC1)OC(C1=CC=CC=C12)=O","US0398588924","reactant"
"C(C1=CC=CC=C1)(C1=CC=CC=C1)OCCCl","US0398588924","reactant"
"C1=CC=CC=2SCC3=C(C(C21)=O)C=CC=C3","US039858951","reactant"
"NCCCO","US039858951","reactant"
"C1=CC=CC=2SCC3=C(C(C21)=NCCCO)C=CC=C3","US039858952","reactant"
"N1=CC=CC=C1","US039858952","reactant"
"C1(=CC=C(C=C1)S(=O)(=O)Cl)C","US039858952","reactant"
"O","US039858952","reactant"
"C1=CC=CC=2SCC3=C(C(C21)=O)C=CC=C3","US039858953","reactant"
"Cl.NO","US039858953","reactant"
"Cl.NO","US039858953","reactant"
"[Na]","US039858954","reactant"
"C1=CC=CC=2SCC3=C(C(C21)=NO)C=CC=C3","US039858954","reactant"
"C(C)N(CCCCl)CC","US039858954","reactant"
"C(C)N(CCCNC1C2=C(SCC3=C1C=CC=C3)C=CC=C2)CC","US039858955","reactant"
"O1CCCC1","US039858955","reactant"
"Cl[O-].[Na+]","US039858955","reactant"
"C1=CC=CC=2SCC3=C(C(C21)O)C=CC=C3","US039858956","reactant"
"S(=O)(Cl)Cl","US039858956","reactant"
"C1=CC=CC=2SCC3=C(C(C21)=O)C=CC=C3","US039858957","reactant"
"C(C)NCCCN","US039858957","reactant"
"C1(=CC=CC=C1)C","US039858957","reactant"
"C(=O)(O)C=CC1=CC=C(C2=CC=CC=C12)OC","US039858961","reactant"
"C(Cl)(Cl)Cl","US039858961","reactant"
"BrBr","US039858961","reactant"
"C([O-])([O-])=O.[Na+].[Na+]","US039858961","reactant"
"C1(=CC=CC=C1)[Li]","US039858962","reactant"
"BrC=CC1=CC=C(C2=CC=CC=C12)OC","US039858962","reactant"
"C1=CC=CC=C1","US039858962","reactant"
"C(C)(=O)C1=C(OC2=C1C=CC=C2)C2=CC=C(C1=CC=CC=C21)O","US039858964","reactant"
"BrCCBr","US039858964","reactant"
"C([O-])([O-])=O.[K+].[K+]","US039858964","reactant"
"Br[O-].[Na+]","US039858965","reactant"
"BrBr","US039858965","reactant"
"[OH-].[Na+]","US039858965","reactant"
"C(C)(=O)C1=C(OC2=C1C=CC=C2)C2=CC=C(C1=CC=CC=C21)OCCBr","US039858965","reactant"
"S([O-])(O)=O.[Na+]","US039858965","reactant"
"C(C)(=O)C1=C(OC2=C1C=CC=C2)C2=CC=C(C1=CC=CC=C21)OCCCBr","US039858967","reactant"
"Br[O-].[Na+]","US039858967","reactant"
"[Cl-].[Al+3].[Cl-].[Cl-]","US039858967","reactant"
"OC1=C2C=CC=C3C(C=4C5=C(OC4C(C=C1)=C32)C=CC=C5)=O","US039858968","reactant"
"BrCCCBr","US039858968","reactant"
"BrCCOC1=C2C=CC=C3C(C=4C5=C(OC4C(C=C1)=C32)C=CC=C5)=O","US039858969","reactant"
"C(C)N","US039858969","reactant"
"C(C)O","US039858969","reactant"
"C[O-].[Na+]","US039859071","reactant"
"C[O-].[Na+]","US039859071","reactant"
"CC=1OC(=CC1S)C","US039859071","reactant"
"C[O-].[Na+]","US039859071","reactant"
"ClC(CC)C(CCC)=O","US039859071","reactant"
"O","US039859071","reactant"
"COC(CCC(C1=CC2=C(OC3=C2C=CC=C3)C=C1)=O)=O","US039857741","reactant"
"COC(CCC(C=1C=CC2=C(OC3=C2C=CC=C3)C1)=O)=O","US039857741","reactant"
"C1(=CC=CC=C1)C1=NC(=CC(=C1)C1=CC=C(C=C1)OCC)C1=CC=CC=C1","US039861401","reactant"
