"id_molec","name"
"C(C1=CC=CC=C1)OC([C@@H](CC(C)C)O)=O","benzyl-(R)-2-hydroxy-isocaproate"
"O[C@@H](C(=O)O)CC(C)C","(R)-2-hydoxy-isocaproic acid"
"C(C)N(CC)CC","triethylamine"
"C(C1=CC=CC=C1)Cl","benzyl chloride"
"O1C(=CC=C1)C(=O)O[C@@H](C(=O)O)CC(C)C","(R)-2-(2-furoyloxy)-isocaproic acid"
"C(C1=CC=CC=C1)OC([C@@H](CC(C)C)OC(=O)C=1OC=CC1)=O","benzyl-(R)-2-(2-furoyloxy)-isocaproate"
"[H][H]","hydrogen"
"C(C1=CN=CC=C1)(=O)O[C@@H](C(=O)O)CC(C)C","(R)-2-(nicotinoyloxy)-isocaproic acid"
"C(C1=CC=CC=C1)OC([C@@H](CC(C)C)OC(C1=CN=CC=C1)=O)=O","benzyl-(R)-2-(nicotinoyloxy)-isocaproate"
"C(C1=CC=CC=C1)OC(C(CC(C)C)OC(C1=CC=NC=C1)=O)=O","Benzyl-(RS)-2-(isonicotinoyloxy)-isocaproate"
"C(C1=CC=CC=C1)OC(C(CC(C)C)Br)=O","benzyl-(RS)-α-bromo-isocaproate"
"C(C1=CC=NC=C1)(=O)O","isonicotinic acid"
"CN(C=O)C","dimethyl-formamide"
"C(C1=CC=NC=C1)(=O)OC(C(=O)O)CC(C)C","(RS)-2-(isonicotinoyloxy)-isocaproic acid"
"C(C1=CC=CC=C1)OC(C(CC(C)C)OC(C1=CC=NC=C1)=O)=O","benzyl-(RS)-2-(isonicotinoyloxy)-isocaproate"
"CC1=CC(=C(C=C1)C1=CC=NC=C1)NCC1=CC=CC=C1","4-(4'-methylbenzylaminophenyl)-pyridine"
"N1=CC=CC=C1","pyridine"
"C(C1=CC=CC=C1)(=O)Cl","benzoyl chloride"
"CN(C1=CC=CC=C1)CC1=CC=CC=C1","methylbenzylaniline"
"C1(=CC=CC=C1)C1=NC(=CC(=C1)C1=CC=C(C=C1)N(C)C)C1=CC=CC=C1","2,6-diphenyl-4-(4'-dimethylaminophenyl)-pyridine"
"CN(C1=CC=C(C=O)C=C1)C","p-dimethylaminobenzaldehyde"
"C(C)(=O)C1=CC=CC=C1","acetophenone"
"C(C)(=O)[O-].[NH4+]","ammonium acetate"
"O.O.O.O.[O-]P([O-])(=O)OP(=O)([O-])O.[Na+].[Ca+2]","calcium sodium pyrophosphate tetrahydrate"
"[Cl-].[Ca+2].[Cl-]","calcium chloride"
"[O-]P([O-])(=O)OP(=O)([O-])[O-].[Na+].[Na+].[Na+].[Na+]","tetrasodium pyrophosphate"
"C(C)(C)(C)C=1C=C(C=C(C1O)C(C)(C)C)C1(CC=CC=C1)[N+](=C)[O-]","1-(3,5-di-t-butyl-4-hydroxyphenyl)-N-phenyl-nitrone"
"[Cl-].C(C)(C)(C)C=1C=C(C[N+]2=CC=CC=C2)C=C(C1O)C(C)(C)C","3,5-di-t-butyl-4-hydroxy -benzylpyridinium chloride"
"C(C)O","ethanol"
"N(=O)C1=CC=CC=C1","nitrosobenzene"
"[OH-].[Na+]","sodium hydroxide"
"C(CCCCCCCCCCC)C(C(C=O)S)C","β-lauryl-mercaptobutyraldehyde"
"N1CCCCC1","Piperidine"
"C(CCCCCCCCCCC)S","lauryl mercaptan"
"C(\C=C\C)=O","crotonaldehyde"
"C(C)OCC","diethyl ether"
"C(CCC)SCCC=O","β-n-butylmercaptopropionaldehyde"
"C(CCC)S","n-Butyl mercaptan"
"C(=O)C=C","acrolein"
"C(CCCCCCCCCCC)SC(C=O)CC","laurylmercaptobutyraldehyde"
"C(CCCCCCCCCCC)S","Lauryl mercaptan"
"FC(C(=O)N[C@@H](C(C)C)C(=O)O)(F)F","N-trifluoroacetylvaline"
"N[C@@H](C(C)C)C(=O)O","L-valine"
"ClC(C(=O)C(F)(F)F)(Cl)Cl","trichlorotrifluoroacetone"
"FC(C(=O)NCC(=O)NCC(=O)O)(F)F","N-trifluoroacetylglycylglycine"
"NCC(=O)NCC(=O)O","glycylglycine"
"S(O)(O)(=O)=O","sulphuric acid"
"N(=O)OS(O)(=O)=O","nitrosylsulphuric acid"
"NC=1SN=C2C1C=C(C=C2)[N+](=O)[O-]","3-amino-5-nitro-2,1-benzisothiazole"
"C(C1=CC=CC=C1)CNC1CC(C2=CC=CC=C12)(O)C","3-benzylmethylamino-1-methylindan-1-ol"
"CBr","methyl bromide"
"[Mg]","magnesium"
"C(C1=CC=CC=C1)CNC1CC(C2=CC=CC=C12)=O","3-benzylmethylaminoindan-1-one"
"N[C@@H](CC(=O)[O-])C(=O)[O-].[Na+].[Na+]","disodium L-aspartate"
"[OH-].[Na+]","Sodium hydroxide"
"N[C@@H](CC(=O)O)C(=O)O","L-aspartic acid"
"NC(CC(=O)[O-])C(=O)[O-].[K+].[K+]","dipotassium DL-aspartate"
"[OH-].[K+]","Potassium hydroxide"
"NC(CC(=O)O)C(=O)O","DL-aspartic acid"
"C(C)O","ethyl alcohol"
"C(CCCCCCCCCCC)(=O)NC(CCC(=O)O)C(=O)O","N-Lauroyl-DL-glutamic acid"
"NC(CCC(=O)O)C(=O)O","DL-Glutamic acid"
"N[C@@H](CCC(=O)[O-])C(=O)[O-].[Na+].[Na+]","sodium glutamate"
"C(CCCCCCCCCCC)(=O)O.S(O)(O)(=O)=O","lauric acid sulfuric acid"
"C(CCCCCCCCCCC)(=O)N[C@@H](CCC(=O)O)C(=O)O","N-Lauroyl-L-glutamic acid"
"N[C@@H](CCC(=O)O)C(=O)O","L-Glutamic acid"
"CO","methanol"
"S(O)(O)(=O)=O.C(CCCCCCCCCCCCCCC)(=O)O","palmitic acid sulfuric acid"
"C(C(C)C)(=O)OOC(C(C)C)=O","diisobutyryl peroxide"
"C(C(C)C)(=O)OC(C(C)C)=O","isobutyric anhydride"
"OO","hydrogen peroxide"
"C(=O)(OCC)OOC(=O)OCC","diethyl peroxydicarbonate"
"C(=C)Cl","vinyl chloride"
"C(OCC)(=O)OC(=O)OCC","diethyl pyrocarbonate"
"CN1C(C2N(C(C3=C1C=CC=C3)=O)CCC2)=O","1,2,3,11a-tetrahydro-10-methyl-5H-pyrrolo[2,1-c][1,4]benzodiazepin-5,11(10H)-dione"
"CN1C=2C(C(=O)OC1=O)=CC=CC2","N-methyl isatoic anhydride"
"N1[C@H](C(=O)O)CCC1","L-proline"
"CN1C(C2N(C(C3=C1C=CC=C3)=O)CCC2)=O","1,2,3,11a-Tetrahydro-10-methyl-5H-pyrrolo[2,1-c][1,4]benzodiazepin-5,11(10H)-dione"
"CS(=O)C","dimethyl sulfoxide"
"FC=1C=CC2=C(C(N3C(C(N2C)=O)CCC3)=O)C1","7-Fluoro-1,2,3,11a-tetrahydro-10-methyl-5H-pyrrolo[2,1-c][1,4]benzodiazepin-5,11(10H)-dione"
"FC1=CC=C2C(C(=O)OC(N2C)=O)=C1","5-fluoro-N-methylisatoic anhydride"
"CN1C(C2N(C(C3=C1C=CC=C3)=O)CCC2)=O","Racemic 1,2,3,11a-Tetrahydro-10-methyl-5H-pyrrolo[2,1-c][1,4]benzodiazepin-5,11(10H)-dione"
"C1CCN2C1C(NC1=C(C2=O)C=CC=C1)=O","1,2,3,11a-tetrahydro-5H-pyrrolo[2,1-c][1,4]benzodiazepin-5,11(10H)-dione"
"C[O-].[Na+]","sodium methylate"
"CI","methyl iodide"
"CNC=1C(C(=O)N2[C@H](C(=O)O)CCC2)=CC=CC1","(-)-1-(N-methylanthraniloyl)-proline"
"S(=O)(Cl)Cl","thionyl chloride"
"CNC=1C(C(=O)N2[C@H](C(=O)O)CCC2)=CC=CC1","(-)-1-(N-methylanthraniloyl)proline"
"CNC=1C(C(=O)N2C=CCC2)=CC=CC1","racemic 1-(N-methylanthraniloyl)pyroline"
"O1CCCC1","tetrahydrofuran"
"CNC=1C(C(=O)N2[C@H](C(=O)O)CCC2)=CC=CC1","1-(N-methylanthraniloyl)proline"
"C(C1=CC=CC=C1)N1C(CCC1)C(=O)N(C=1C(C(=O)OCC)=CC=CC1)C","ethyl N-(N-benzyl-2-pyrrolidinylcarbonyl)-N-methylanthranilate"
"C(C1=CC=CC=C1)N1[C@H](C(=O)O)CCC1","N-benzylproline"
"CNC=1C(C(=O)OCC)=CC=CC1","ethyl N-methylanthranilate"
"CN1C(C2N(C(C3=C1C=CC=C3)=O)CCC2)=O","racemic 1,2,3,11a-tetrahydro-10-methyl-5H-pyrrolo[2,1-c][1,4]benzodiazepin-5,11(10H)-dione"
"N1C(CCC1)C(=O)N(C=1C(C(=O)OCC)=CC=CC1)C","ethyl N-(2-pyrrolidinylcarbonyl)-N-methylanthranilate"
"Cl","hydrogen chloride"
"C(C)(=O)N[C@@H]1[C@H]([C@H](OC)O[C@@H]([C@@H]1OCC1=CC=CC=C1)COCC1=CC=CC=C1)OCC1=CC=CC=C1","methyl 3-acetamido-3-deoxy-2,4,6-tri-O-benzyl-β-D-galactopyranoside"
"C(C)(=O)N[C@@H]1[C@H]([C@H](OC)O[C@@H]([C@@H]1O)CO)O","methyl 3-acetamido-3-deoxy-β-D-galactopyranoside"
"[O-2].[Ba+2]","barium oxide"
"[OH-].[Ba+2].[OH-]","barium hydroxide"
"C(C1=CC=CC=C1)Br","benzyl bromide"
"C(C)(=O)N[C@@H]1[C@H]([C@H](O[C@@H]([C@@H]1OCC1=CC=CC=C1)COCC1=CC=CC=C1)Cl)OCC1=CC=CC=C1","3-Acetamido-3-deoxy-2,4,6-tri-O-benzyl-α-D-galactopyranosyl chloride"
"C(C)(=O)OC1[C@H](OCC2=CC=CC=C2)[C@H]([C@@H](OCC2=CC=CC=C2)[C@H](O1)COCC1=CC=CC=C1)NC(C)=O","3-acetamido-3-deoxy-2,4,6-tri-O-benzyl-D-galactopyranosyl acetate"
"C(C)(=O)Cl","acetyl chloride"
"CN(C(C)=O)[C@@H]1[C@H]([C@H](OC)O[C@@H]([C@@H]1OCC1=CC=CC=C1)COCC1=CC=CC=C1)OCC1=CC=CC=C1","Methyl 3-(N-methylacetamido)-3-deoxy-2,4,6-tri-O-benzyl-β-D-galactopyranoside"
"[H-].[Na+]","sodium hydride"
"ClC(=O)C1=C(\C=C/C#N)C=CC=C1","2-(chloroformyl)-cis-cinnamonitrile"
"P(Cl)(Cl)(Cl)(Cl)Cl","phosphorus pentachloride"
"N(=O)C1=C(C2=CC=CC=C2C=C1)O","2-nitroso-1-naphthol"
"OC1=NC(C2=C(C=C1)C=CC=C2)=O","3-hydroxy-1H-2-benzazepin-1-one"
"O1CCOCC1","dioxane"
"ClC1=CC=C(C=C1)C(C(=O)O)CC","α-(p-Chlorophenyl)-butyric acid"
"ClC1=CC=C(C(=O)CCC(=O)O)C=C1","β-(p-Chlorobenzoyl)-propionic Acid"
"[OH-].[K+]","potassium hydroxide"
"NN","hydrazine"
"Cl","hydrochloric acid"
"C(CO)O","ethylene glycol"
"BrC1C(C2=CC(=CC=C2CC1)Cl)=O","2-bromo-7-chloro-1-tetralone"
"ClC1=CC=C2CCCC(C2=C1)=O","7-chloro-1-tetralone"
"BrBr","bromine"
"ClC1=CC=C2C=CC(=C(C2=C1)O)N=O","7-chloro-2-nitroso-1-naphthol"
"ClC1=CC=C2C=CC=C(C2=C1)O","7-chloro-1-naphthol"
"N(=O)[O-].[Na+]","sodium nitrite"
"S(O)(O)(=O)=O","sulfuric acid"
"ClC1=CC(=C(\C=C/C#N)C=C1)C(=O)Cl","4-chloro-2-(chloroformyl)-cis-cinnamonitrile"
"ClC=1C=CC(=C(\C=C/C#N)C1)C(=O)Cl","5-chloro-2-(chloroformyl)-cis-cinnamonitrile"
"ClC=1C=C2C=CC(=C(C2=CC1)O)N=O","6-chloro-2-nitroso-1-naphthol"
"CC1(OCCO1)CCCC(C)=O","5-(2-methyl-1,3-dioxolan-2-yl)-2-pentanone"
"[Li]","lithium"
"CC1(OCCO1)CCCC(=O)O","4-(2-methyl-1,3-dioxolan-2-yl)butanoic acid"
"C[Li]","methyllithium"
"C(C)OC(CC(CCCC1(OCCO1)C)=O)=O","6-(2-methyl-1,3-dioxolan-2-yl)-3-oxo-hexanoic acid ethyl ester"
"C(OCC)(OCC)=O","diethyl carbonate"
"CCOCC","ether"
"CC1=NN=C(N1C)SCC=1CS[C@H]2N(C1C(=O)O)C(C2N)=O","3-(3,4-dimethyl-1,2,4-triazol-5-ylthiomethyl)-7-amino-3-cephem-4-carboxylic acid"
"CC(=O)OCC1=C(N2[C@@H]([C@@H](C2=O)N)SC1)C(=O)O","7-ACA"
"CC1=NN=C(N1C)S","3,4-dimethyl-5-mercapto-1,2,4-triazole"
"Cl","HCl"
"NC1[C@@H]2N(C(=C(CS2)CSC2=NN=CN2C)C(=O)O)C1=O","7-Amino-3-(4-methyl-1,2,4-triazol-3-ylthiomethyl)-3-cephem-4-carboxylic acid"
"SC1=NN=CN1C","3-mercapto-4-methyl-1,2,4-triazole"
"NC1[C@@H]2N(C(=C(CS2)O)C(=O)OCC2=CC=C(C=C2)[N+](=O)[O-])C1=O","p-nitrobenzyl 7-amino-3-hydroxy-3-cephem-4-carboxylate"
"NC1[C@@H]2N(C(C(CS2)=C)C(=O)OCC2=CC=C(C=C2)[N+](=O)[O-])C1=O","p-nitrobenzyl 7-amino-3-methylenecepham-4-carboxylate"
"Cl.NC1[C@@H]2N(C(C(CS2)=C)C(=O)OCC2=CC=C(C=C2)[N+](=O)[O-])C1=O","p-nitrobenzyl 7-amino-3-methylenecepham-4-carboxylate hydrochloride"
"O(C1=CC=CC=C1)CC(=O)NC1[C@@H]2N(C(C(CS2)=C)C(=O)OCC2=CC=C(C=C2)[N+](=O)[O-])C1=O","p-nitrobenzyl 7-phenoxyacetamido-3-methylenecepham-4-carboxylate"
"C(Cl)Cl","methylene chloride"
"S1C(=CC=C1)CC(=O)NC1[C@@H]2N(C(=C(CS2)O)C(=O)OCC2=CC=C(C=C2)[N+](=O)[O-])C1=O","p-nitrobenzyl 7-[2-(2-thienyl)acetamido]-3-hydroxy-3-cephem-4-carboxylate"
"Cl.NC1[C@@H]2N(C(=C(CS2)O)C(=O)OCC2=CC=C(C=C2)[N+](=O)[O-])C1=O","p-nitrobenzyl 7-amino-3-hydroxy-3-cephem-4-carboxylate hydrochloride"
"NC(=O)N","urea"
"S1C(=CC=C1)CC(=O)Cl","2-thiophene acetyl chloride"
"S1C(=CC=C1)CC(=O)NC1[C@@H]2N(C(=C(CS2)OS(=O)(=O)CC)C(=O)OCC2=CC=C(C=C2)[N+](=O)[O-])C1=O","p-nitrobenzyl 7-[2-(2-thienyl)acetamido]-3-ethylsulfonyloxy-3-cephem-4-carboxylate"
"CC(=O)N(C)C","dimethylacetamide"
"C1C(C)O1","propylene oxide"
"C(C)S(=O)(=O)Cl","ethanesulfonyl chloride"
"S1C(=CC=C1)CC(=O)NC1[C@@H]2N(C(=C(CS2)OS(=O)(=O)C2=CC=C(C=C2)F)C(=O)O)C1=O","7-[2-(2-thienyl)acetamido]-3-(4-fluorobenzenesulfonyloxy)-3-cephem-4-carboxylic acid"
"FC1=CC=C(C=C1)S(=O)(=O)Cl","4-fluorobenzenesulfonyl chloride"
"S1C(=CC=C1)CC(=O)NC1[C@@H]2N(C(=C(CS2)OS(=O)(=O)C2=CC=C(C=C2)F)C(=O)OCC2=CC=C(C=C2)[N+](=O)[O-])C1=O","p-nitrobenzyl 7-[2-(2-thienyl)acetamido]-3-(4-fluorobenzenesulfonyloxy)-3-cephem-4-carboxylate"
"BrC1=CC2=C(N(C3=C1C=CC=C3)CC)C=CC=C2","10-bromo-5-ethyl-5H-dibenz[b,f]azepine"
"[Li+].[AlH4-]","lithium tetrahydroaluminate(1-)"
"C(C)(=O)N1C2=C(C=C(C3=C1C=CC=C3)Br)C=CC=C2","5-acetyl-10-bromo-5H-dibenz[b,f]azepine"
"C(C)N1C2=C(CC(C3=C1C=CC=C3)C#N)C=CC=C2","5-ethyl-10,11-dihydro-5H-dibenz[b,f]azepine-10-carbonitrile"
"C(C)N1C2=C(C=C(C3=C1C=CC=C3)C#N)C=CC=C2","5-ethyl-5H-dibenz[b,f]azepine-10-carbonitrile"
"[B-].[Na+]","sodium tetrahydroborate (1-)"
"C(C)N(CCC1CC2=C(N(C3=C1C=CC=C3)CC)C=CC=C2C#N)CC","10-[2-(diethylamino)ethyl]-5-ethyl-10,11-dihydro-5H-dibenz[b,f]azepine-l-carbonitrile"
"Cl.ClCCN(CC)CC","2-chloro-N,N-diethylethanamine hydrochloride"
"CN(C=O)C","N,N-dimethylformamide"
"Cl.C(C)N(CCC1(CC2=C(N(C3=C1C=CC=C3)CC)C=CC=C2)C#N)CC","10-[2-(diethylamino)ethyl]-5-ethyl-10,11-dihydro-5H-dibenz[b,f]azepine-10-carbonitrile hydrochloride"
"C(C)N(CCC1(CC2=C(N(C3=C1C=CC=C3)CC)C=CC=C2)C#N)CC","10-[2-(diethylamino)ethyl]-5-ethyl-10,11-dihydro-5H-dibenz[b,f]azepine-10-carbonitrile"
"Cl.C(C)(C)N(CCC1(CC2=C(N(C3=C1C=CC=C3)CC)C=CC=C2)C#N)C(C)C","10-[2-(diisopropylamino)ethyl]-5-ethyl-10,11-dihydro-5 H-dibenz[b,f]azepine-10-carbonitrile hydrochloride"
"Cl.CN(CCCC1(CC2=C(N(C3=C1C=CC=C3)CC)C=CC=C2)C#N)C","10-[3-(dimethylamino)propyl]-5-ethyl-10,11-dihydro-5H-dibenz[b,f]azepine-10-carbonitrile hydrochloride"
"CN(CCCC1(CC2=C(N(C3=C1C=CC=C3)CC)C=CC=C2)C#N)C","10-[3-(dimethylamino)propyl]-5-ethyl-10,11-dihydro-5H-dibenz[b,f]azepine-10-carbonitrile"
"Br.Br.NCC1(CC2=C(N(C3=C1C=CC=C3)CC)C=CC=C2)CCN(CC)CC","10-(aminomethyl)-N,N,5-triethyl-10,11-dihydro-5H-dibenz[b,f]azepine-10-ethanamine dihydrobromide"
"NCC1(CC2=C(N(C3=C1C=CC=C3)CC)C=CC=C2)CCN(CC)CC","10-(aminomethyl)-N,N,5-triethyl-10,11-dihydro-5H-dibenz[b,f]azepine-10-ethanamine"
"Br","hydrogen bromide"
"Br.Br.NCC1(CC2=C(N(C3=C1C=CC=C3)CC)C=CC=C2)CCN(C(C)C)C(C)C","10-(aminomethyl)-5-ethyl-10,11-dihydro-N,N-diisopropyl-5H-dibenz[b,f]azepine-10-ethanamine dihydrobromide"
"NCC1(CC2=C(N(C3=C1C=CC=C3)CC)C=CC=C2)CCN(C(C)C)C(C)C","10-(aminomethyl)-5-ethyl-10,11-dihydro-N,N-diisopropyl-5H-dibenz[b,f]azepine-10-ethanamine"
"BrC1=CC2=C(N(C3=C1C=CC=C3)C)C=CC=C2","10-bromo-5-methyl-5H-dibenz[b,f]azepine"
"BrC1=CC2=C(N(C3=C1C=CC=C3)C(=O)OCC)C=CC=C2","ethyl 10-bromo-5H-dibenz[b,f]azepine-5-carboxylate"
"O","water"
"C1=CC(=CC=C1[C@H](C(=O)N[C@H]2[C@@H]3N(C2=O)C(=C(CS3)CSC4=CNN=N4)C(=O)O)N)O.CO","BL-S640 methanol"
"NC1[C@@H]2N(C(=C(CS2)CSC2=CN=NN2)C(=O)O)C1=O","7-amino-3-(1,2,3-triazol-5-yl-thiomethyl)-3-cephem-4-carboxylic acid"
"C1=CC(=CC=C1[C@H](C(=O)N[C@H]2[C@@H]3N(C2=O)C(=C(CS3)CSC4=CNN=N4)C(=O)O)N)O","BL-S640"
"C(C1=CC=CC=C1)(C1=CC=CC=C1)OC(=O)C1=C(CS[C@H]2N1C(C2NC(CCC#N)=S)=O)O","7-Cyanomethylthioacetamido-3-cephem-3-ol-4-carboxylic acid Benzhydryl Ester"
"C1(=CC=C(C=C1)S(=O)(=O)O)C.C(C1=CC=CC=C1)(C1=CC=CC=C1)OC(=O)C1=C(CS[C@H]2N1C(C2N)=O)O","7-Amino-3-cephem-3ol-4-carboxylic acid benzhydryl ester p-toluenesulfonate salt"
"C(#N)CCC(=S)Cl","cyanomethylthioacetyl chloride"
"[K+].C(#N)CCC(=S)NC1[C@@H]2N(C(=C(CS2)OC)C(=O)[O-])C1=O","7-Cyanomethylthioacetamido-3-methoxy-3-cephem-4-carboxylic Acid Potassium Salt"
"C(#N)CCC(=S)NC1[C@@H]2N(C(=C(CS2)OC)C(=O)O)C1=O","7-Cyanomethylthioacetamido-3-methoxy-3-cephem-4-carboxylic acid"
"C(CCCCC)(=O)OCC.[K]","potassium 2-ethyl hexanoate"
"[K+].[Br-]","KBr"
"C(C1=CC=CC=C1)(C1=CC=CC=C1)OC(=O)C1=C(CS[C@H]2N1C(C2NC(CCC#N)=S)=O)Br","3-Bromo-7-cyanomethylthioacetamido-3-cephem-4-Carboxylic Acid Benzhydryl Ester"
"C(C1=CC=CC=C1)(C1=CC=CC=C1)OC(=O)C1=C(CS[C@H]2N1C(C2NC(CCC#N)=S)=O)O","7-cyanomethylthioacetamido-3-cephem-3-ol-4-carboxylic acid benzhydryl ester"
"P(Br)(Br)Br","phosphorus tribromide"
"[N+](=O)([O-])C1=CC=C(COC(=O)C2=C(CS[C@H]3N2C(C3NC(CCC#N)=S)=O)O)C=C1","7-cyanomethylthioacetamido-3-cephem-3-ol-4-carboxylic acid p-nitrobenzyl ester"
"[N+](=O)([O-])C1=CC=C(COC(=O)C2=C(CS[C@H]3N2C(C3N)=O)O)C=C1","7-Amino-3-hydroxy-3-cephem-4-carboxylic acid p-nitrobenzyl ester"
"C(#N)CCC(=S)NC1[C@@H]2N(C(=C(CS2)OC)C(=O)O)C1=O","7-cyanomethylthioacetamido-3-methoxy-3-cephem-4-carboxylic acid"
"[N+](=O)([O-])C1=CC=C(COC(=O)C2=C(CS[C@H]3N2C(C3NC(CCC#N)=S)=O)OC)C=C1","7-cyanomethylthioacetamido-3-methoxy-3-cephem-4-carboxylic acid p-nitrobenzyl ester"
"[N+](=O)([O-])C1=CC=C(COC(=O)C2=C(CS[C@H]3N2C(C3NC(CCC#N)=S)=O)OS(=O)(=O)C)C=C1","7-cyanomethylthioacetamido-3-methylsulfonyloxy-3-cephem-4-carboxylic acid p-nitrobenzyl ester"
"[N+](=O)([O-])C1=CC=C(COC(=O)C2=C(CS[C@H]3N2C(C3NC(CCC#N)=S)=O)O)C=C1","7-cyanomethylthioacetamido-3-cephem-3ol-4-carboxylic acid p-nitrobenzyl ester"
"CS(=O)(=O)Cl","methanesulfonyl chloride"
"C(C1=CC=CC=C1)(C1=CC=CC=C1)OC(=O)C1=CCS[C@H]2N1C(C2NC(CCC#N)=S)=O","7-cyanomethylthioacetamido-3-cephem-4-carboxylic acid benzhydryl ester"
"C(C1=CC=CC=C1)(C1=CC=CC=C1)OC(=O)C1=CCS[C@H]2N1C(C2N)=O","7-Amino-3-cephem-4-carboxylic acid benzhydryl ester"
"COC=1C=CC2=C(C(CC3=C(S2)C=CC=C3)N3CCN(CC3)CCCOC(CCCCCCC)=O)C1","8-Methoxy-10-[4-(3-octanoyloxypropyl)piperazino]-10,11-dihydrodibenzo[b,f]thiepin"
"COC=1C=CC2=C(C(CC3=C(S2)C=CC=C3)N3CCN(CC3)CCCO)C1","8-methoxy-10-[4-(3-hydroxypropyl)piperazino]-10,11-dihydrodibenzo[b,f]thiepin"
"C(CCCCCCC)(=O)O","caprylic acid"
"[OH-].[NH4+]","ammonium hydroxide"
"COC=1C=CC2=C(C(CC3=C(S2)C=CC=C3)N3CCN(CC3)CCCOC(CCCCCCCCCCC)=O)C1","8-Methoxy-10-[4-(3-dodecanoyloxypropyl)piperazino]-10,11-dihydrodibenzo[b,f]thiepin"
"C(CCCCCCCCCCC)(=O)Cl","lauroyl chloride"
"CSC=1C=CC2=C(C(CC3=C(S2)C=CC=C3)N3CCN(CC3)CCCOC(CCCCCCC)=O)C1","8-Methylthio-10-[4-(3-octanoyloxypropyl)piperazino]-10,11-dihydrodibenzo[b,f]thiepin"
"CSC=1C=CC2=C(C(CC3=C(S2)C=CC=C3)N3CCN(CC3)CCCO)C1","8-methylthio-10-[4-(3-hydroxypropyl)piperazino]-10,11-dihydrodibenzo[b,f]thiepin"
"C(CCCCCCC)(=O)Cl","caprylyl chloride"
"CSC=1C=CC2=C(C(CC3=C(S2)C=CC=C3)N3CCN(CC3)CCCOC(CCCCCCCCCCC)=O)C1","8-methylthio-10-[4-(3-dodecanoyloxypropyl)piperazino]-10,11-dihydrodibenzo[b,f]thiepin"
"CSC=1C=CC2=C(C(CC3=C(S2)C=CC=C3)N3CCN(CC3)CCCOC(CCCCCCCCCCCCCCC)=O)C1","8-Methylthio-10-[4-(3-hexadecanoyloxypropyl)piperazino]-10,11-dihydrodibenzo[b,f]thiepin"
"C(CCCCCCCCCCCCCCC)(=O)Cl","palmitoyl chloride"
"C(C)C=1C=CC2=C(C(CC3=C(S2)C=CC=C3)N3CCN(CC3)CCCOC(CCCCCCCCCCC)=O)C1","8-Ethyl-10-[4-(3-dodecanoyloxypropyl)piperazino]-10,11-dihydrodibenzo[b,f]thiepin"
"C(C)C=1C=CC2=C(C(CC3=C(S2)C=CC=C3)N3CCN(CC3)CCCO)C1","8-ethyl-10-[4-(3-hydroxypropyl)piperazino]-10,11-dihydrodibenzo[b,f]thiepin"
"C(\C=C/C(=O)O)(=O)O","maleic acid"
"C(CCC)C=1C=CC2=C(C(CC3=C(S2)C=CC=C3)N3CCN(CC3)CCCOC(CCCCCCC)=O)C1","8-(n-Butyl)-10-[4-(3-octanoyloxypropyl)piperazino]-10,11-dihydrodibenzo[b,f]thiepin"
"C(CCC)C=1C=CC2=C(C(CC3=C(S2)C=CC=C3)N3CCN(CC3)CCCO)C1","8-(n-butyl)-10-[4-(3-hydroxypropyl)piperazino]-10,11-dihydrodibenzo[b,f]thiepin"
"COC=1C=CC2=C(C(=CC3=C(S2)C=CC=C3)N3CCN(CC3)CCCOC(CCCCCCC)=O)C1","8-Methoxy-10-[4-(3-octanoyloxypropyl)piperazino]dibenzo[b,f]thiepin"
"COC=1C=CC2=C(C(=CC3=C(S2)C=CC=C3)N3CCN(CC3)CCCO)C1","8-methoxy-10-[4-(3-hydroxypropyl)piperazino]dibenzo[b,f]thiepin"
"OC1=C(C=NC2=CC=CC=C12)C(=O)OCC","ethyl 4-hydroxyquinoline-3-carboxylate"
"NC1=CC=CC=C1","aniline"
"C(C)OC=C(C(=O)OCC)C(=O)OCC","diethyl ethoxymethylenemalonate"
"C1(=CC=CC=C1)OC1=CC=CC=C1","diphenyl ether"
"C1(=CC=CC=C1)C1=CC=CC=C1","biphenyl"
"FC=1C=C2C(=C(C=NC2=CC1)C(=O)OCC)O","ethyl 6-fluor-4-hydroxyquinoline-3-carboxylate"
"FC1=CC=C(N)C=C1","4-fluoroaniline"
"FC=1C=C2C(CC(NC2=CC1)C)=O","6-fluoro-2-methyl-4-oxo-1,2,3,4-tetrahydroquinoline"
"FC=1C=C2C(=CC=NC2=CC1)OC","6-fluoro-4-methoxyquinoline"
"C[Li]","methyl lithium"
"O=C1C(=CN2C(CC(C3=C2C1=CC(=C3)F)=O)C)C(=O)OCC","ethyl 6,7-dihydro-1,7-dioxo-9-fluoro-5-methyl-1H,5H-benzo[ij]-quinolizine-2-carboxylate"
"OC1C2=C3C(C(C(=CN3C(C1)C)C(=O)O)=O)=C(C=C2)[N+](=O)[O-]","6,7-dihydro-7-hydroxy-5-methyl-10-nitro-1-oxo-1H,5H-benzo[ij]quinolizine-2-carboxylic acid"
"OC1C2=C3C(C(C(=CN3C(C1)C)C(=O)O)=O)=CC=C2","6,7-dihydro-7-hydroxy-5-methyl-1-oxo-1H,5H-benzo[ij]quinolizine-2-carboxylic acid"
"[N+](=O)(O)[O-]","nitric acid"
"C(C)(=O)NC=1C=CC=2C(CC(N3C=C(C(C1C23)=O)C(=O)O)C)=O","10-acetamido-6,7-dihydro-5-methyl-1,7-dioxo-1H,5H-benzo[ij]quinolizine-2-carboxylic acid"
"NC=1C=CC=2C(CC(N3C=C(C(C1C23)=O)C(=O)O)C)=O","10-amino-6,7-dihydro-5-methyl-1,7-dioxo-1H,5H-benzo[ij]quinolizine-2-carboxylic acid"
"C(C)(=O)OC(C)=O","acetic anhydride"
"O1C(=CC=C1)CN1N=CC=2C1=NC=C(C2O)C(=O)C=2C=NC=CC2","[1-(2-Furanylmethyl)-4-hydroxy-1H-pyrazolo[3,4-b]pyridin-5-yl]-3-pyridylmethanone"
"O1C(=CC=C1)CN1N=CC=C1NC=C(C(=O)OCC)C(C=1C=NC=CC1)=O","α-[[[1-(2-furanylmethyl)- 1H-pyrazol-5-yl]-amino]methylene]-β-oxo-3-pyridinepropanoic acid, ethyl ester"
"C1(=CC=CC=C1)OC1=CC=CC=C1","diphenylether"
"C(C)OC1=C2C(=NC=C1C(=O)C=1SC=CC1)N(N=C2)CC=2OC=CC2","[4-Ethoxy-1-(2-furanylmethyl)-1H-pyrazolo[3,4-b]pyridin-5-yl] -2-thienylmethanone"
"O1C(=CC=C1)CN1N=CC=2C1=NC=C(C2O)C(=O)C=2SC=CC2","[1-(2-furanylmethyl)-4-hydroxy-1H-pyrazolo[ 3,4-b]pyridine-5-yl]-2-thienylmethanone"
"C([O-])([O-])=O.[K+].[K+]","potassium carbonate"
"C(C)I","ethyl iodide"
"C(C)OC1=C2C(=NC=C1C(=O)C=1SC=CC1)NN=C2","(4-Ethoxy-1H-pyrazolo[3,4-b]pyridin-5-yl)-2-thienylmethanone"
"C(C)OC1=C2C(=NC=C1C(=O)C=1SC=CC1)N(N=C2)CC=2OC=CC2","[4-ethoxy-1-(2-furanylmethyl)-1H-pyrazolo[3,4-b]pyridin-5-yl]-2-thienylmethanone"
"[Se](=O)=O","selenium dioxide"
"C1=CC=CC=2C(C3=C(CCC21)C=CC=C3)CNC(CCCO)=O","N-[(10,11-dihydro-5H-dibenzo[a,d]cyclohepten-5-yl)methyl]-4-hydroxybutyramide"
"C1=CC=CC=2C(C3=C(CCC21)C=CC=C3)CN","10,11-Dihydro-5H-dibenzo[a,d]cycloheptene-5-methylamine"
"C1(CCCO1)=O","γ-butyrolactone"
"C1=CC=CC=2C(C3=C(CCC21)C=CC=C3)CN","10,11-dihydro-5H-dibenzo[a,d]cycloheptene-5-methylamine"
"ClCCCCC(=O)Cl","5-chlorovaleric acid chloride"
"C([O-])([O-])=O.[Na+].[Na+]","sodium carbonate"
"COCC1(C2=C(CCC3=C1C=CC=C3)C=CC=C2)O","10,11-dihydro-5-methoxymethyl-5H-dibenzo[a,d]cyclohepten-5-ol"
"COCCl","chloromethyl methyl ether"
"C1=CC=CC=2C(C3=C(CCC21)C=CC=C3)=O","10,11-dihydro-5H-dibenzo[a,d]cyclohepten-5-one"
"C1=CC=CC=2C(C3=C(CCC21)C=CC=C3)CN3C(CCCC3)=O","N-[(10,11-dihydro-5H-dibenzo[a,d]cyclohepten-5-yl)methyl]2-piperidone"
"C1=CC=CC=2C(C3=C(CCC21)C=CC=C3)C=O","10,11-dihydro-5H-dibenzo[a,d]cycloheptene-5-carboxaldehyde"
"C(C)OC(CCCCN)=O","5-aminovaleric acid ethyl ester"
"C1=CC=CC=2CC3=C(C(CC21)CNC(CCCCO)=O)C=CC=C3","N-[(10,11-dihydro-5H-dibenzo[a,d]cyclohepten-10-yl)methyl]-5-hydroxyvaleramide"
"C1=CC=CC=2CC3=C(C(CC21)CN)C=CC=C3","10,11-Dihydro-5H-dibenzo[a,d]cycloheptene-10-methylamine"
"C1(CCCCO1)=O","δ-valerolactone"
"SC=1C=CC=2N(N1)N=NN2","6-Mercaptotetrazolo[4,5-b]pyridazine"
"ClC=1C=CC=2N(N1)N=NN2","6-Chlorotetrazolo[4,5-b]pyridazine"
"[SH-].[K+]","potassium hydrosulfide"
"[Cl-].FC1=CC=C(C(=O)CCCC=2C=[NH+]C=CC2C=2SC=C(N2)C)C=C1","3-(p-Fluorobenzoylpropyl)-4-(4-methyl-2-thiazolyl)pyridinium chloride"
"ClCCCC(=O)C1=CC=C(C=C1)F","γ-chloro-p-fluorobutyrophenone"
"CC=1N=C(SC1)C1=CC=NC=C1","4-(4-methyl-2-thiazolyl)pyridine"
"C1(CC1)C1=NC(=NO1)C=1CCN(CC1)CCCC(O)C1=CC=C(C=C1)F","4-(5-Cyclopropyl-1,2,4-oxadiazol-3-yl)-3,6- -dihydro-α-(p-fluorophenyl)-1(2H)-pyridinebutanol"
"Cl(=O)(=O)(=O)[O-].C1(CC1)C1=NC(=NO1)C1=CC=[N+](C=C1)CCCC(C1=CC=C(C=C1)F)=O","4-(5-cyclopropyl-1,2,4-oxadiazol- 3-yl)-1-[3-(p-fluorobenzoyl)-propyl]pyridinium perchlorate"
"[BH4-].[Na+]","sodium borohydride"
"FC1=CC=C(C=C1)C(CCCN1CCC(=CC1)C=1SC=C(N1)C)O","3,6-Dihydro-α-(p-fluorophenyl)-4-(4-methyl-2 -thiazolyl)-1(2H)-pyridinebutanol"
"[Cl-].FC1=CC=C(C(=O)CCC[N+]2=CC=C(C=C2)C=2SC=C(N2)C)C=C1","1-(3-p-fluorobenzoylpropyl)- 4-(4-methyl-2-thiazolyl)pyridinium chloride"
"C(C)C1=NNC(=C1)C=1CCN(CC1)CCCC(O)C1=CC=C(C=C1)F","3,6-Dihydro-4-(3-ethyl-5-pyrazolyl)-α-(p-fluorophenyl)- 1(2H)-pyridinebutanol"
"Cl(=O)(=O)(=O)[O-].C(C)C1=NNC(=C1)C1=CC=[N+](C=C1)CCCC(C1=CC=C(C=C1)F)=O","4-(3-ethyl-5-pyrazolyl)-1 -(3-p-fluorobenzoylpropyl)pyridinium perchlorate"
"FC1=CC=C(C=C1)C(CCCN1CCC(=CC1)C=1OC=CN1)O","3,6-Dihydro-α-(p-fluorophenyl)-4-(2-oxazolyl)- 1(2H)-pyridinebutanol"
"Cl(=O)(=O)(=O)[O-].FC1=CC=C(C(=O)CCC[N+]2=CC=C(C=C2)C=2OC=CN2)C=C1","1-(3-p-fluorobenzoylpropyl)- 4-(2-oxazolyl)pyridinium perchlorate"
"FC1=CC=C(C=C1)C(CCCN1CCC(CC1)C=1SC=C(N1)C)O","α-(p-Fluorophenyl)-4-(4-methyl-2-thiazolyl)-1 -piperidinebutanol"
"FC1=CC=C(C=C1)C(CCCN1CCC(=CC1)C=1SC=C(N1)C)O","3,6-dihydro-α-(p-fluorophenyl)- 4-(4-methyl-2-thiazolyl)-1(2H)-pyridinebutanol"
"CC1=NOC(=C1)C=1CCN(CC1)CCCC(O)C1=CC=CC=C1","3,6-Dihydro-4-(3-methyl-5-isoxazolyl)-α-phenyl- 1(2H)-pyridinebutanol"
"Cl(=O)(=O)(=O)[O-].C(C1=CC=CC=C1)(=O)CCC[N+]1=CC=C(C=C1)C1=CC(=NO1)C","1-(3-benzoylpropyl)-4-(3 -methyl-5-isoxazolyl)pyridinium perchlorate"
"ClCCCC(=O)C1=CC=CC=C1","γ-chlorobutyrophenone"
"CC1=NOC(=C1)C1=CC=NC=C1","4-(3-methyl-5-isoxazolyl)pyridine"
"CC1=NOC(=C1)C=1CCN(CC1)CCCC(=O)C1=CC=C(C=C1)F","4-[3,6-Dihydro-4-(3-methyl-5-isoxazolyl)-1(2H)-pyridyl] -4'-fluoro-butyrophenone"
"FC1=CC=C(C=C1)C(CCCN1CCC(=CC1)C1=CC(=NO1)C)O","3,6-dihydro-α-(p-fluorophenyl)- 4-(3-methyl-5-isoxazolyl)-1(2H)-pyridine butanol"
"[Cr](=O)(=O)(O)O","chromic acid"
"C([O-])(O)=O.[Na+]","sodium bicarbonate"
"O","Water"
"C1(CC1)C1=NC(=NO1)C=1CCN(CC1)CCCC(=O)C1=CC=C(C=C1)F","4-[4-(5-Cyclopropyl-1,2,4-oxadiazol-3-yl)- 3,6-dihydro-1(2H)-pyridyl]-4'-fluoro-butyrophenone"
"C1(CC1)C1=NC(=NO1)C=1CCN(CC1)CCCC(O)C1=CC=C(C=C1)F","4-(5-cyclopropyl-1,2,4-oxadiazol- 3-yl)-3,6-dihydro-α-(p-fluorophenyl)-1(2H)-pyridinebutanol"
"CC=1N=C(SC1)C=1CCN(CC1)CCCC(=O)C1=CC=C(C=C1)F","4-[3,6-Dihydro-4-(4-methyl-2-thiazolyl)-1(2H)-pyridyl] -4'-fluoro-butyrophenone"
"O1N=C(C=C1)C=1CCN(CC1)CCCC(=O)C1=CC=C(C=C1)F","4-(3,6-Dihydro-4-isoxazolyl-1(2H)-pyridyl)- 4'-fluoro-butyrophenone"
"FC1=CC=C(C=C1)C(CCCN1CCC(=CC1)C=1OC=CN1)O","3,6-dihydro-α-(p-fluorophenyl)- 4-(2-oxazolyl)-1(2H)-pyridinebutanol"
"C(C)(=O)O","acetic acid"
"CS(=O)C=1SC2=C(N1)C=CC(=C2)[N+](=O)[O-]","2-Methylsulfinyl-6-nitrobenzthiazole"
"CSC=1SC2=C(N1)C=CC=C2","2-methylmercaptobenzthiazole"
"CC1=NOC=2N=C(C=C(C21)O)C2=CC=CC=C2","3-methyl-6-phenylisoxazolo[5,4-b]pyridin-4-ol"
"C(C)OC(CC(C1=CC=CC=C1)=O)=O","benzoylacetic acid ethyl ester"
"NC1=CC(=NO1)C","5-amino-3-methylisoxazole"
"ClC1=C2C(=NC(=C1)C1=CC=CC=C1)ON=C2C","4-Chloro-3-methyl-6-phenylisoxazolo[5,4-b]pyridine"
"P(=O)(Cl)(Cl)Cl","phosphorous oxychloride"
"C(CCC)NC=1C2=C(N=C(C1)C1=CC=CC=C1)ON=C2C","N-butyl-3-methyl-6-phenylisoxazolo[5,4-b]pyridin-4-amine"
"ClC1=C2C(=NC(=C1)C1=CC=CC=C1)ON=C2C","4-chloro-3methyl-6-phenylisoxazolo[5,4-b]-pyridine"
"C(CCC)N","n-butylamine"
"Cl.CNC=1C2=C(N=C(C1)C1=CC=CC=C1)ON=C2C","N,3-Dimethyl-6-phenylisoxazolo[5,4-b]pyridin-4-amine, hydrochloride"
"CNC=1C2=C(N=C(C1)C1=CC=CC=C1)ON=C2C","N, 3-dimethyl-6-phenylisoxazolo[5,4-b]pyridin-4-amine"
"BrC=1C=C(C=C[N+](=O)[O-])C=CC1O","3-Bromo-4-hydroxynitrostyrene"
"BrC=1C=C(C=O)C=CC1O","3-Bromo-4-hydroxybenzaldehyde"
"C(CC)N","n-propylamine"
"[N+](=O)([O-])C","nitromethane"
"ClC=1C=CC(=C(C=C[N+](=O)[O-])C1)O","5-Chloro-2-hydroxynitrostyrene"
"ClC=1C=CC(=C(C=O)C1)O","5-Chloro-2-hydroxybenzaldehyde"
"C(C)(=O)C=1N=NNC1C1=CC=CC=C1","4-acetyl-5-phenyltriazole"
"C(C)(=O)C#CC1=CC=CC=C1","acetylphenyl-acetylene"
"C[Si](C)(C)N=[N+]=[N-]","trimethylsilyl azide"
"C1(=CC=CC=C1)C=1N=NNC1C1=CC=CC=C1","4,5-diphenyl-1,2,3(1H)-triazole"
"C1(=CC=CC=C1)C#CC1=CC=CC=C1","diphenylacetylene"
"C[Si](C)(C)N=[N+]=[N-]","trimethylsilylazide"
"FC(C(=O)[O-])(F)F.C(C)(C)(C)N(C1=CC=CC=C1)[S+](C)C","N-t-butyl anilino dimethyl sulfonium trifluoroacetate"
"[Cl-].C(C)(C)(C)N(C1=CC=CC=C1)[S+](C)C","N-t-butyl anilino dimethyl sulfonium chloride"
"[SH3+]","sulfonium"
"FC(C(=O)[O-])(F)F","trifluoroacetate"
"S1C(CCC1)C1=C(N)C=CC=C1","2-(2-tetrahydrothienyl)aniline"
"ClOC(C)(C)C","tert.-butyl hypochlorite"
"S1CCCC1","tetrahydrothiophene"
"C[O-].[Na+]","sodium methoxide"
"NC1=C(SC(C2=CC=CC=C2)C2=CC=CC=C2)C=CC=C1","2-aminodiphenylthiophenoxymethane"
"C(C1=CC=CC=C1)SC1=CC=CC=C1","benzylphenylsulfide"
"C(C)(C)(C)OCl","tert-butylhypochlorite"
"C[O-].[Na+]","Sodium methoxide"
"C(C)#N","acetonitrile"
"NC1=C(SC(C2=CC=CC=C2)C2=CC=CC=C2)C=C(C=C1)[N+](=O)[O-]","2-amino-5-nitrodiphenylthiophenoxymethane"
"[N+](=O)([O-])C1=CC=C(N)C=C1","p-nitroaniline"
"C(C)(C)(C)OCl","t-butylhypochlorite"
"C(CCCCCCCC)=O","nonanal"
"[Na]","sodium"
"C(C1=CC=CC=C1)(=O)C1=CC=CC=C1","benzophenone"
"C1CCOC1","THF"
"N1C(=NC=C1)C(C1=CC=CC=C1)(C1=CC=C(C=C1)Cl)C=1NC=CN1","bis-imidazolyl-4-chlorophenyl-phenylmethane"
"N1C=NC=C1","imidazole"
"ClC1=CC=C(C=C1)C(Cl)(Cl)C1=CC=CC=C1","4-chlorophenyl-phenyl-dichloromethane"
"C1=CC=CC=C1","benzene"
"[N+](=O)([O-])C=1C=CC2=C(N=C(O2)C=2OC=CC2)C1","5-nitro-2-(2-furyl)benzoxazole"
"[N+](=O)([O-])C1=CC(=C(C=C1)O)N","4-nitro-2-aminophenol"
"O1C(=CC=C1)C=O","furaldehyde"
"[N+](=O)([O-])C=1C=CC2=C(N=C(O2)C=2SC=CC2)C1","5-nitro-2-(2-thienyl)benzoxazol"
"[N+](=O)([O-])C1=CC(=C(C=C1)O)N","4-nitro-o-aminophenol"
"S1C(=CC=C1)C=O","thiophenecarboxaldehyde"
"C(C)(=O)[O-].C(C)(=O)[O-].C(C)(=O)[O-].C(C)(=O)[O-].[Pb+4]","lead tetraacetate"
"[N+](=O)([O-])C=1C=CC2=C(N=C(O2)C=2OC(=CC2)C)C1","5-nitro-2-(5-methyl-2-furyl)-benzoxazole"
"CC1=CC=C(C=O)O1","5-methylfurfural"
"CC1=CC=C(O1)C=1OC2=C(N1)C=C(C=C2)N=C=S","isothiocyanic acid, 2-(5-methyl-2-furyl)-5-benzoxazolyl ester"
"[N+](=O)([O-])C=1C=CC2=C(N=C(O2)C=2OC(=CC2)C)C1","5-nitro-2-(5-methyl-2-furyl)benzoxazole"
"CCO","EtOH"
"C(=S)(Cl)Cl","thiophosgene"
"C([O-])([O-])=O.[Ca+2]","calcium carbonate"
"NC=1C=CC2=C(N=C(O2)C=2N(C=CC2)C)C1","5-amino-2-(1-methyl-2-pyrrolyl)benzoxazole"
"CN1C(=CC=C1)C=1OC2=C(N1)C=C(C=C2)[N+](=O)[O-]","2-(1-methyl-2-pyrrolyl)-5-nitrobenzoxazole"
"NC=1C(=CC2=C(N=C(O2)C2=NC=CC=C2)C1)C","5-amino-6-methyl-2-(2-pyridinyl)benzoxazole"
"CC1=CC2=C(N=C(O2)C2=NC=CC=C2)C=C1[N+](=O)[O-]","6-methyl-5-nitro-2-(2-pyridinyl)benzoxazole"
"N(=C=S)C=1C(=CC2=C(N=C(O2)C2=NC=CC=C2)C1)C","5-isothiocyanato-6-methyl-2-(2-pyridinyl)benzoxazole"
"C(OC)COC","glyme"
"N1=C(C=CC=C1)C=1OC2=C(N1)C=CC=C2","2-(2-pyridinyl)benzoxazole"
"NC1=C(C=CC=C1)O","o-aminophenol"
"N1=C(C=CC=C1)C(=O)O","picolinic acid"
"FC1=CC=C(OC=2C=C(C=CC2)C(C(=O)O)C)C=C1","2-[m-(p-fluorophenoxy)phenyl]propionic acid"
"FC1=CC=C(OC=2C=C(C=CC2)C(C=O)C)C=C1","2-[m-(p-fluorophenoxy)phenyl]propionaldehyde"
"CCOC(=O)CCl","ethyl ester of chloroacetic acid"
"ClC1=CC(=C(OC=2C=C(C=CC2)C(C(=O)O)C)C=C1)C","2-[m-(p-chloro-o-methylphenoxy)phenyl]propionic acid"
"ClC1=CC(=C(OC=2C=C(C=CC2)C(C=O)C)C=C1)C","2-[m-(p-chloro-o-methyl-phenoxy)phenyl]propionaldehyde"
"ClCC[Si](OC(C)=O)(OC(C)=O)OC(C)=O","2-chloro-ethyl-tris-(acetyloxy)-silane"
"ClCC[Si](Cl)(Cl)Cl","2-chloroethyl-trichlorosilane"
"C(C)(=O)OC(C)=O","acetic acid anhydride"
"NC1=C(C=CC=C1)NC(SC)=S","Methyl 2-aminophenyl-dithiocarbamate"
"CI","Methyl iodide"
"NC1=C(C=CC=C1)NC([S-])=S.[NH4+]","ammonium 2-aminophenyl-dithiocarbamate"
"NC1=NC(=NC=C1C#N)C","4-amino-5-cyano-2-methyl-pyrimidine"
"NC=1N=C(NCC1C#N)C","4-amino-5-cyano-1,6-dihydro-2-methyl-pyrimidine"
"CNCC1=CC=CC=C1","N-methylbenzylamine"
"COC(=O)C=1C(C(=C(NC1C)C)C(=O)OCCCl)C1=CC(=CC=C1)[N+](=O)[O-]","2,6-dimethyl-4-(3'-nitrophenyl)-1,4-dihydropyridine-3,5-dicarboxylic acid 3-β-chloroethyl ester 5-methyl ester"
"C1(=CC=CC=C1)C","toluene"
"Cl.CN(CC1=CC=C(C=C1)C)CCOC(=O)C=1C(C(=C(NC1C)C)C(=O)OC)C1=CC(=CC=C1)C(F)(F)F","2,6-dimethyl-4-(3'-trifluoromethylphenyl)-1,4-dihydropyridine-3,5-dicarboxylic acid 3-methyl ester 5-β-(N-methyl-N-p-methylbenzylamino)ethyl ester hydrochloride"
"CN(CC1=CC=C(C=C1)C)CCOC(CC(=O)C)=O","acetoacetic acid β-(N-methyl-N-p-methylbenzylamino)ethyl ester"
"COC(\C=C(\C)/N)=O","β-aminocrotonic acid methyl ester"
"FC(C=1C=C(C=O)C=CC1)(F)F","m-trifluoromethyl benzaldehyde"
"N1(CCCCC1)CC1=C(C(=CC(=C1)C)C)OC(NC1=CC=CC=C1)=O","N-Phenylcarbamic acid-2-(piperidinomethyl)-4,6-dimethylphenyl-ester"
"C1(=CC=CC=C1)N=C=O","phenylisocyanate"
"N1(CCCCC1)CC1=C(C(=CC(=C1)C)C)O","2-(piperidinomethyl)-4,6-dimethylphenol"
"ClC(C(=O)OCC)CC1=CC(=C(C=C1)C1CCCCC1)Cl","ethyl α-chloro-β-(3-chloro-4-cyclohexylphenyl)propionate"
"ClC=1C=C(C=CC1C1CCCCC1)CC(C(=O)OCC)O","ethyl β-(3-chloro-4-cyclohexylphenyl)lactate"
"ClC(C(=O)OCC)CC1=CC(=C(C(=C1)Cl)C1CCCCC1)Cl","Ethyl α-chloro-β-(3,5-dichloro-4-cyclohexylphenyl)propionate"
"ClC=1C=C(C=C(C1C1CCCCC1)Cl)CCC(=O)OCC","ethyl β-(3,5-dichloro-4-cyclohexylphenyl)propionate"
"P(Cl)(Cl)(Cl)(Cl)Cl","phosphorous pentachloride"
"ClC(C(=O)O)CC1=CC(=C(C=C1)C1CCCCC1)Cl","α-chloro-β-(3-chloro-4-cyclohexylphenyl)propionic acid"
"C(C)[NH2+]CC.C(CC)(=O)[O-]","propionic acid, diethylammonium salt"
"C(C)NCC","diethylamine"
"BrC(C(=O)OCC)CC1=CC(=C(C=C1)C1CCCCC1)Cl","ethyl α-bromo-β-(3-chloro-4-cyclohexylphenyl)propionate"
"P(Br)(Br)(Br)(Br)Br","phosphorus pentabromide"
"IC(C(=O)OCC)CC1=CC(=C(C=C1)C1CCCCC1)Cl","ethyl α-iodo-β-(3-chloro-4-cyclohexylphenyl)propionate"
"[I-].[Na+]","sodium iodide"
"C(=O)[O-].CN(C(N(C)C)=[NH2+])C","Tetramethylguanidinium formate"
"CN(C(N(C)C)=N)C","Tetramethylguanidine"
"C(=O)O","formic acid"
"OC1=C(C(=O)O)C=CC=C1","2-hydroxybenzoic acid"
"OC=1C=C(C(=O)O)C=CC1","3-hydroxybenzoic acid"
"OC1=CC=C(C(=O)O)C=C1","4-hydroxybenzoic acid"
"C(C1=CC=CC=C1)(=O)O","benzoic acid"
"C(=O)(OCC)C=1C(=NOC1C)C","4-carboethoxy-3,5-dimethyl-isoxazole"
"N1(CCCC1)\C(=C/C(=O)OCC)\C","ethyl β-pyrrolidinocrotonate"
"[N+](=O)([O-])CC","nitroethane"
"CC1=NOC(=C1CO)C","3,5-dimethyl-4-hydroxymethyl-isoxazole"
"[H-].[Al+3].[Li+].[H-].[H-].[H-]","lithium aluminum hydride"
"S(=O)(=O)([O-])[O-].[Na+].[Na+]","sodium sulfate"
"[Cl-].CC1=NOC(=C1C[P+](C1=CC=CC=C1)(C1=CC=CC=C1)C1=CC=CC=C1)C","(3,5-dimethyl-4-isoxazolylmethyl)triphenyl-phosphonium chloride"
"ClCC=1C(=NOC1C)C","4-chloromethyl-3,5-dimethylisoxazole"
"C1(=CC=CC=C1)P(C1=CC=CC=C1)C1=CC=CC=C1","triphenylphosphine"
"CC1=NOC(=C1C=CC1OC=CCC1)C","racemic 3,5-dimethyl-4-(3,4-dihydro-2H-pyran-2-ylvinyl) isoxazole"
"[Cl-].CC1=NOC(=C1C[P+](C1=CC=CC=C1)(C1=CC=CC=C1)C1=CC=CC=C1)C","(3,5-dimethyl-4-isoxazolylmethyl)triphenylphosphonium chloride"
"C1CC(OC=C1)C=O","acrolein dimer"
"C1(O)=CC=C(O)C=C1","hydroquinone"
"CC1=NOC(=C1CCC1OC(CCC1)O)C","racemic 3,5-dimethyl-4-(6-hydroxytetrahydropyran-2-ylethyl)-isoxazole"
"CC1=NOC(=C1C=CC1OC=CCC1)C","3,5-dimethyl-4-(3,4-dihydro-2H-pyran-2-ylvinyl) isoxazole"
"CC1=NOC(=C1C=CC1OC(CCC1)OCC)C","racemic 3,5-dimethyl-4-(6-ethoxytetrahydropyran-2-ylvinyl)isoxazole"
"CC1=NOC(=C1CCC1OC(CCC1)OCC)C","racemic 3,5-dimethyl-4-(6-ethoxytetrahydropyran-2-ylethyl)-isoxazole"
"CC1=NOC(=C1CCC(CCCC(=O)O)=O)C","racemic 7-(3,5-dimethyl-4 -isoxazolyl)-5-oxo-heptanoic acid"
"CC1=NOC(=C1CCC1OC(CCC1)O)C","3.5-dimethyl-4-(6-hydroxytetrahydropyran-2-ylethyl)-isoxazole"
"CC1=NOC(=C1C=CC1OC=CCC1)C","racemic 3,5-dimethyl-4-(3,4-dihydro-2H-pyran-2-ylvinyl)-isoxazole"
"CC(=O)C.OS(=O)(=O)O.O=[Cr](=O)=O","Jones reagent"
"S([O-])(O)=O.[Na+]","sodium bisulfite"
"O(C1=CC=CC=C1)CC(=O)OCC","ethyl phenoxyacetate"
"O(C1=CC=CC=C1)CC(=O)O","phenoxyacetic acid"
"COC=1C=C(NC(C2=C(C=CC=C2)C)=O)C=CC1","3'-methoxy-2-methylbenzanilide"
"CC1=C(C(=O)Cl)C=CC=C1","o-methylbenzoyl chloride"
"COC=1C=C(N)C=CC1","m-methoxyaniline"
"CC1=C(C(=O)Cl)C=CC=C1","o-methylbenzoylchloride"
"C(C)OC1=C(NC(C2=C(C=CC=C2)C)=O)C=CC=C1","2'-ethoxy-2-methylbenzanilide"
"CC1=C(C(=O)Br)C=CC=C1","o-methylbenzoyl bromide"
"C(C)OC1=C(N)C=CC=C1","o-ethoxyaniline"
"C(C)(C)OC=1C=C(NC(C2=C(C=CC=C2)C)=O)C=CC1","3'-iso-propoxy-2-methylbenzanilide"
"OC=1C=C(NC(C2=C(C=CC=C2)C)=O)C=CC1","3'-hydroxy-2-methylbenzanilide"
"C(C)(C)Br","isopropylbromide"
"C(C)(C)Br","iso-propylbromide"
"C(CCC)OC=1C=C(NC(C2=C(C=CC=C2)C)=O)C=CC1","3'-n-butoxy-2-methylbenzanilide"
"C(CCC)Br","n-butylbromide"
"C(C#C)OC=1C=C(NC(C2=C(C=CC=C2)C)=O)C=CC1","3'-propargyloxy-2-methylbenzanilide"
"C(C#C)Br","propargylbromide"
"C(C1=CC=CC=C1)OC=1C=C(NC(C2=C(C=CC=C2)C)=O)C=CC1","3'-benzyloxy-2-methylbenzanilide"
"C(C1=CC=CC=C1)Cl","benzylchloride"
"CC1=C(C(=O)O)C=CC=C1","o-methylbenzoic acid"
"P(Cl)(Cl)Cl","phosphorus trichloride"
"O=P12OP3(=O)OP(=O)(O1)OP(=O)(O2)O3","phosphorus pentoxide"
"C(C)(C)OC=1C=C(N)C=CC1","m-isopropoxyaniline"
"P(=O)(Cl)(Cl)Cl","phosphorus oxychloride"
"C(CC)OC=1C=C(NC(C2=C(C=CC=C2)C)=O)C=CC1","3'-n-propoxy-2-methylbenzanilide"
"C(CC)OC=1C=C(N)C=CC1","m-n-propoxy-aniline"
"S(=O)(Cl)Cl","thionylchloride"
"S(=O)=O","sulfur dioxide"
"ClC=1C=CC(=C(C(C2=CC=CC=C2)O)C1)CO","5-Chloro-2-hydroxymethyl-benzhydrol"
"C(C1=CC=CC=C1)(=O)C1=C(C(=O)O)C=CC(=C1)Cl","2-benzoyl-4-chlorobenzoic acid"
"[H-].[H-].[H-].[H-].[Li+].[Al+3]","LiAlH4"
"[Cl-].[NH4+]","ammonium chloride"
"CNC(=O)OC(C1=C(C=CC(=C1)Cl)COC(NC)=O)C1=CC=CC=C1","5-Chloro-2-methylcarbamyloxymethyl-benzhydrol methylcarbamate"
"CN=C=O","methyl isocyanate"
"C(C)(=O)OCC1=C(C(C2=CC=CC=C2)O)C=C(C=C1)Cl","2-Acetoxymethyl-5-chloro-benzhydrol"
"C(C)(=O)OCC1=C(C(C2=CC=CC=C2)Br)C=C(C=C1)Cl","2-Acetoxymethyl-5-chloro-α-(phenyl)benzyl bromide"
"C(C)(=O)OCC1=C(C(C2=CC=CC=C2)O)C=C(C=C1)Cl","2-acetoxymethyl-5-chloro-benzhydrol"
"ClC1=CC(=C(CO)C=C1)C(C1=CC=CC=C1)NC(C)=O","4-Chloro-2-[α-(acetamido)benzyl]benzyl alcohol"
"N","ammonia"
"S(=O)(=O)(C1=CC=C(C)C=C1)OCCCC=CC#CCC","1-tosyloxy-non-4-en-6-yne"
"C1(=CC=C(C=C1)S(=O)(=O)Cl)C","p-toluenesulfonyl chloride"
"C(CCC=CC#CCC)O","non-4-en-6-yn-1-ol"
"BrCCCC=CC#CCC","1-bromonon-4-en-6-yne"
"S(=O)(=O)(C1=CC=C(C)C=C1)OCCCC=CC#CCC","1-tosyloxynon-4-en-6-yne"
"[Br-].[Na+]","sodium bromide"
"CC(C#C)(C=C(C)C)O","3,5-dimethylhex-4-en-1-yn-3-ol"
"O=C(C)C=C(C)C","mesityl oxide"
"[Na]","Sodium"
"[Mg]","Magnesium"
"C1(=C(C(=CC(=C1)C)C)OC1=C(C=C(C=C1C)C)C)C","mesityloxide"
"FC1=C(C(=CC=C1C(=O)O)F)C","2,6-difluoro-m-toluic acid"
"FC1=C(C=CC(=C1)F)C","2,4-difluoro-toluene"
"C(CCC)[Li]","n-butyllithium"
"C(=O)=O","carbon dioxide"
"NC=1C=C(C(=O)O)C=C(C1OC1=CC=CC=C1)S(N)(=O)=O","3-amino-4-phenoxy-5-sulphamyl-benzoic acid"
"[N+](=O)([O-])C=1C=C(C(=O)O)C=C(C1OC1=CC=CC=C1)S(N)(=O)=O","3-nitro-4-phenoxy-5-sulphamyl-benzoic acid"
"[OH-].[Li+]","lithium hydroxide"
"CNS(=O)(=O)C=1C(=C(C=C(C(=O)O)C1)[N+](=O)[O-])OC1=CC=CC=C1","5-methylsulphamyl-3-nitro-4-phenoxy-benzoic acid"
"CN","methylamine"
"ClC1=C(C=C(C(=O)O)C=C1S(=O)(=O)Cl)[N+](=O)[O-]","4-chloro-5-chlorosulphonyl-3-nitro-benzoic acid"
"CN(S(=O)(=O)C=1C(=C(C=C(C(=O)O)C1)[N+](=O)[O-])OC1=CC=CC=C1)C","5-dimethylsulphamyl-3-nitro-4-phenoxy-benzoic acid"
"ClC1=C(C=C(C(=O)O)C=C1S(N(C)C)(=O)=O)[N+](=O)[O-]","4-chloro-5-dimethylsulphamyl-3-nitro-benzoic acid"
"C1(=CC=CC=C1)O","phenol"
"C(O)([O-])=O.[Na+]","sodium hydrogen carbonate"
"NC=1C=C(C(=O)O)C=C(C1OC1=CC=CC=C1)S(N(C)C)(=O)=O","3-amino-5-dimethylsulphamyl-4-phenoxy-benzoic acid"
"C(CCC)NS(=O)(=O)C=1C(=C(C=C(C(=O)O)C1)[N+](=O)[O-])Cl","5-n-butylsulphamyl-4-chloro-3-nitro-benzoic acid"
"NC=1C=C(C(=O)O)C=C(C1OC1=CC=CC=C1)S(NC)(=O)=O","3-amino-5-methylsulphamyl-4-phenoxy-benzoic acid"
"CNC","dimethylamine"
"NC1=CC(C(=O)O)=CC(C1)(OC1=CC=CC=C1)S(NCCCC)(=O)=O","3-amino-5-n-butylsulphamyl-5-phenoxy-benzoic acid"
"N(C1=CC=CC=C1)C1=C(C=C(C(=O)O)C=C1S(NC1=CC=CC=C1)(=O)=O)[N+](=O)[O-]","4-anilino-3-nitro-5-phenylsulphamyl-benzoic acid"
"ClC1=C(C=C(C(=O)O)C=C1S(=O)(=O)Cl)[N+](=O)[O-]","4-chloro-3-nitro-5-chlorosulphonyl-benzoic acid"
"COC1=CC=C(OC2=C(C=C(C(=O)O)C=C2S(N)(=O)=O)[N+](=O)[O-])C=C1","4-(p-Methoxyphenoxy)-3-nitro-5-sulphamyl-benzoic acid"
"ClC1=C(C=C(C(=O)O)C=C1S(N)(=O)=O)[N+](=O)[O-]","4-chloro-3-nitro-5-sulphamyl-benzoic acid"
"COC1=CC=C(C=C1)O","p-methoxyphenol"
"NC=1C=C(C(=O)O)C=C(C1OC1=CC=C(C=C1)OC)S(N)(=O)=O","3-amino-4-(p-methoxyphenoxy)-5-sulphamyl-benzoic acid"
"COC1=CC=C(OC2=C(C=C(C(=O)O)C=C2S(N)(=O)=O)[N+](=O)[O-])C=C1","4-(p-methoxyphenoxy)-3-nitro-5-sulphamyl-benzoic acid"
"[N+](=O)([O-])C=1C=C(C(=O)O)C=C(C1OC1=CC(=CC=C1)C(F)(F)F)S(N)(=O)=O","3-nitro-5-sulphamyl-4-(m-trifluoromethylphenoxy)-benzoic acid"
"FC(C=1C=C(C=CC1)O)(F)F","m-trifluoromethylphenol"
"NC=1C=C(C(=O)O)C=C(C1OC1=CC(=CC=C1)C(F)(F)F)S(N)(=O)=O","3-amino-5-sulphamyl-4-(m-trifluoromethylphenoxy)-benzoic acid"
"ClC=1C=C(OC2=C(C=C(C(=O)O)C=C2S(N)(=O)=O)[N+](=O)[O-])C=CC1","4-(m-Chlorophenoxy)-3-nitro-5-sulphamyl-benzoic acid"
"ClC=1C=C(C=CC1)O","m-chlorophenol"
"NC=1C=C(C(=O)O)C=C(C1OC1=CC(=CC=C1)Cl)S(N)(=O)=O","3-Amino-4-(m-chlorophenoxy)-5-sulphamyl-benzoic acid"
"NC=1C=C(C(=O)O)C=C(C1OC)S(N)(=O)=O","3-amino-4-methoxy-5-sulphamyl-benzoic acid"
"COC1=C(C=C(C(=O)O)C=C1S(N)(=O)=O)[N+](=O)[O-]","4-Methoxy-3-nitro-5-sulphamyl-benzoic acid"
"N(C1=CC=CC=C1)C1=C(C=C(C(=O)O)C=C1S(N)(=O)=O)[N+](=O)[O-]","4-anilino-3-nitro-5-sulphamyl-benzoic acid"
"ClC1=C(C=C(C(=O)O)C=C1S(N)(=O)=O)[N+](=O)[O-]","4-Chloro-3-nitro-5-sulphamyl-benzoic acid"
"NC=1C=C(C(=O)O)C=C(C1NC1=CC=CC=C1)S(N)(=O)=O","3-amino-4-anilino-5-sulphamyl-benzoic acid"
"[N+](=O)([O-])C=1C=C(C(=O)O)C=C(C1NC=1C=C(C=CC1)C)S(N)(=O)=O","3-nitro-5-sulphamyl-4-(m-toluidino)-benzoic acid"
"NC1=CC(=CC=C1)C","m-toluidine"
"NC=1C=C(C(=O)O)C=C(C1NC=1C=C(C=CC1)C)S(N)(=O)=O","3-amino-5-sulphamyl-4-(m-toluidino)-benzoic acid"
"NC=1C=C(C(=O)O)C=C(C1NC1=CC=C(C=C1)C)S(N)(=O)=O","3-amino-5-sulphamyl-4-(p-toluidino)-benzoic acid"
"[N+](=O)([O-])C=1C=C(C(=O)O)C=C(C1NC1=CC=C(C=C1)C)S(N)(=O)=O","3-nitro-5-sulphamyl-4-(p-toluidino)-benzoic acid"
"NC=1C=C(C(=O)O)C=C(C1NC=1C(=CC=CC1)C)S(N)(=O)=O","3-amino-5-sulphamyl-4-(o-toluidino)-benzoic acid"
"[N+](=O)([O-])C=1C=C(C(=O)O)C=C(C1NC=1C(=CC=CC1)C)S(N)(=O)=O","3-nitro-5-sulphamyl-4(o-toluidino)-benzoic acid"
"NC=1C=C(C(=O)O)C=C(C1NC1=C(C=CC=C1)OC)S(N)(=O)=O","3-amino-4-(o-methoxyanilino)-5-sulphamyl-benzoic acid"
"COC1=C(NC2=C(C=C(C(=O)O)C=C2S(N)(=O)=O)[N+](=O)[O-])C=CC=C1","4-(o-methoxyanilino)-3-nitro-5-sulphamyl-benzoic acid"
"NC=1C=C(C(=O)O)C=C(C1NC1=CC(=CC=C1)OC)S(N)(=O)=O","3-amino-4-(m-methoxyanilino)-5-sulphamyl-benzoic acid"
"COC=1C=C(NC2=C(C=C(C(=O)O)C=C2S(N)(=O)=O)[N+](=O)[O-])C=CC1","4-(m-methoxyanilino)-3-nitro-5-sulphamyl-benzoic acid"
"NC=1C=C(C(=O)O)C=C(C1NC1=CC=C(C=C1)OC)S(N)(=O)=O","3-amino-4-(p-methoxyanilino)-5-sulphamyl-benzoic acid"
"COC1=CC=C(NC2=C(C=C(C(=O)O)C=C2S(N)(=O)=O)[N+](=O)[O-])C=C1","4-(p-methoxyanilino)-3-nitro-5-sulphamyl-benzoic acid"
"NC=1C=C(C(=O)O)C=C(C1NC1=CC(=CC=C1)C(F)(F)F)S(N)(=O)=O","3-amino-5-sulphamyl-4-(m-trifluoromethylanilino)-benzoic acid"
"[N+](=O)([O-])C=1C=C(C(=O)O)C=C(C1NC1=CC(=CC=C1)C(F)(F)F)S(N)(=O)=O","3-nitro-5-sulphamyl-4-(m-trifluoromethylanilino)-benzoic acid"
"NC=1C=C(C(=O)O)C=C(C1NC1=C(C=C(C=C1)C)C)S(N)(=O)=O","3-amino-4-(2,4-dimethylanilino)-5-sulphamyl-benzoic acid"
"[N+](=O)([O-])C=1C=C(C(=O)O)C=C(C1NC1=C(C=C(C=C1)C)C)S(N)(=O)=O","3-nitro-5-sulphamyl-4-(2,4-dimethylanilino)-benzoic acid"
"NC=1C=C(C(=O)O)C=C(C1NC1=CC=C(C=C1)Cl)S(N)(=O)=O","3-amino-4-(p-chloroanilino)-5-sulphamyl-benzoic acid"
"ClC1=CC=C(NC2=C(C=C(C(=O)O)C=C2S(N)(=O)=O)[N+](=O)[O-])C=C1","4-(p-chloroanilino)-3-nitro-5-sulphamyl-benzoic acid"
"S(=O)([O-])S(=O)[O-].[Na+].[Na+]","sodium dithionite"
"NC=1C=C(C(=O)O)C=C(C1NC1=CC=C(C=C1)O)S(N)(=O)=O","3-amino-4-(p-hydroxyanilino)-5-sulphamyl-benzoic acid"
"OC1=CC=C(NC2=C(C=C(C(=O)O)C=C2S(N)(=O)=O)[N+](=O)[O-])C=C1","4-(p-hydroxyanilino)-3-nitro-5-sulphamyl-benzoic acid"
"NC=1C=C(C(=O)O)C=C(C1NC1CCCCC1)S(N)(=O)=O","3-amino-4-cyclohexylamino-5-sulphamyl-benzoic acid"
"C1(CCCCC1)NC1=C(C=C(C(=O)O)C=C1S(N)(=O)=O)[N+](=O)[O-]","4-cyclohexylamino-3-nitro-5-sulphamyl-benzoic acid"
"NC=1C=C(C(=O)O)C=C(C1NCC1=CC=CC=C1)S(N)(=O)=O","3-amino-4-benzylamino-5-sulphamyl-benzoic acid"
"C(C1=CC=CC=C1)NC1=C(C=C(C(=O)O)C=C1S(N)(=O)=O)[N+](=O)[O-]","4-benzylamino-3-nitro-5-sulphamyl-benzoic acid"
"[N+](=O)([O-])C=1C=C(C(=O)O)C=C(C1NCCC1=CC=CC=C1)S(N)(=O)=O","3-nitro-4-(β-phenylethylamino)-5-sulphamyl-benzoic acid"
"C1(=CC=CC=C1)CCN","β-phenylethylamine"
"NC=1C=C(C(=O)O)C=C(C1NCCC1=CC=CC=C1)S(N)(=O)=O","3-amino-4-(β-phenylethylamino)-5-sulphamyl-benzoic acid"
"[N+](=O)([O-])C=1C=C(C(=O)O)C=C(C1NCCC1=CC=CC=C1)S(N)(=O)=O","3-nitro-4-(β-phenylethylamino)5-sulphamyl-benzoic acid"
"NC=1C=C(C(=O)O)C=C(C1NC1=CC=C(C=C1)C(=O)O)S(N)(=O)=O","3-amino-4-(p-carboxyanilino)-5-sulphamyl-benzoic acid"
"C(=O)(O)C1=CC=C(NC2=C(C=C(C(=O)O)C=C2S(N)(=O)=O)[N+](=O)[O-])C=C1","4-(p-carboxyanilino)-3-nitro-5-sulphamyl-benzoic acid"
"COCCNC1=C(C=C(C(=O)O)C=C1S(N)(=O)=O)[N+](=O)[O-]","4-(2-methoxyethylamino)-3-nitro-5-sulphamyl-benzoic acid"
"COCCN","2-methoxyethylamine"
"NC=1C=C(C(=O)O)C=C(C1NCCOC)S(N)(=O)=O","3-amino-4-(2-methoxyethylamino)-5-sulphamyl-benzoic acid"
"COCCNC1=C(C=C(C(=O)O)C=C1S(N)(=O)=O)[N+](=O)[O-]","4-(2-Methoxyethylamino)-3-nitro-5-sulphamyl-benzoic acid"
"C(C)(C)NC1=C(C=C(C(=O)O)C=C1S(N)(=O)=O)[N+](=O)[O-]","4-isopropylamino-3-nitro-5-sulphamyl-benzoic acid"
"C(C)(C)N","Isopropylamine"
"NC=1C=C(C(=O)O)C=C(C1NC(C)C)S(N)(=O)=O","3-amino-4-isopropylamino-5-sulphamyl-benzoic acid"
"[N+](=O)([O-])C=1C=C(C(=O)O)C=C(C1N1CCCCC1)S(N)(=O)=O","3-nitro-4-piperidino-5-sulphamyl-benzoic acid"
"N1CCCCC1","piperidine"
"NC=1C=C(C(=O)O)C=C(C1N1CCCCC1)S(N)(=O)=O","3-amino-4-piperidino-5-sulphamyl-benzoic acid"
"NC=1C=C(C(=O)O)C=C(C1N1CCOCC1)S(N)(=O)=O","3-amino-4-morpholino-5-sulphamyl-benzoic acid"
"O1CCN(CC1)C1=C(C=C(C(=O)O)C=C1S(N)(=O)=O)[N+](=O)[O-]","4-morpholino-3-nitro-5-sulphamyl-benzoic acid"
"N(C1=CC=CC=C1)C1=C(C=C(C(=O)O)C=C1S(N)(=O)=O)[N+](=O)[O-]","4-anilino-3-nitro-5sulphamyl-benzoic acid"
"CN(CCCNC1=C(C=C(C(=O)O)C=C1S(N)(=O)=O)[N+](=O)[O-])C","4-(3-dimethylaminopropylamino)-3-nitro-5-sulphamyl-benzoic acid"
"CN(CCCN)C","3-dimethylaminopropylamine"
"NC=1C=C(C(=O)O)C=C(C1NC1=CC2=CC=CC=C2C=C1)S(N)(=O)=O","3-amino-4-(β -naphthylamino)-5-sulphamyl-benzoic acid"
"C1=C(C=CC2=CC=CC=C12)NC1=C(C=C(C(=O)O)C=C1S(N)(=O)=O)[N+](=O)[O-]","4-(β-naphthylamino)-3-nitro-5-sulphamyl-benzoic acid"
"[N+](=O)([O-])C=1C=C(C(=O)O)C=C(C1SC1=CC=CC=C1)S(N)(=O)=O","3-nitro-4-phenylthio-5-sulphamyl-benzoic acid"
"C1(=CC=CC=C1)S","thiophenol"
"NC=1C=C(C(=O)O)C=C(C1SC1=CC=CC=C1)S(N)(=O)=O","3-amino-4-phenylthio-5-sulphamyl-benzoic acid"
"NC=1C=C(C(=O)O)C=C(C1SCCCC)S(N)(=O)=O","3-amino-4-butylthio-5-sulphamyl-benzoic acid"
"C(CCC)SC1=C(C=C(C(=O)O)C=C1S(N)(=O)=O)[N+](=O)[O-]","4-n-butylthio-3-nitro-5-sulphamyl-benzoic acid"
"Cl","Hydrochloric acid"
"NC=1C=C(C(=O)O)C=C(C1SC1=C(C=CC=C1)C)S(N)(=O)=O","3-amino-5-sulphamyl-4-(o-tolylthio)-benzoic acid"
"[N+](=O)([O-])C=1C=C(C(=O)O)C=C(C1SC1=C(C=CC=C1)C)S(N)(=O)=O","3-nitro-5-sulphamyl-4-(o-tolylthio)-benzoic acid"
"C(CCC)SC1=C(C=C(C(=O)O)C=C1S(N)(=O)=O)[N+](=O)[O-]","4-butylthio-3-nitro-5-sulphamyl-benzoic acid"
"NC=1C=C(C(=O)O)C=C(C1S(=O)(=O)C1=CC=CC=C1)S(N)(=O)=O","3-amino-4-phenylsulphonyl-5-sulphamyl-benzoic acid"
"[N+](=O)([O-])C=1C=C(C(=O)O)C=C(C1S(=O)(=O)C1=CC=CC=C1)S(N)(=O)=O","3-nitro-4-phenylsulphonyl-5-sulphamyl-benzoic acid"
"NC=1C=C(C(=O)O)C=C(C1S(=O)CCCC)S(N)(=O)=O","3-amino-4-n-butylsulphinyl-5-sulphamyl-benzoic acid"
"C(CCC)S(=O)C1=C(C=C(C(=O)O)C=C1S(N)(=O)=O)[N+](=O)[O-]","4-n-butylsulphinyl-3-nitro-5-sulphamyl-benzoic acid"
"S(=O)=O","sulphur dioxide"
"[N+](=O)([O-])C=1C=C(C(=O)O)C=C(C1OCC(F)(F)F)S(N)(=O)=O","3-nitro-5-sulphamyl-4-(β,β,β-trifluoroethoxy)-benzoic acid"
"FC(CO)(F)F","β,β,β-trifluoroethanol"
"NC=1C=C(C(=O)O)C=C(C1OCC(F)(F)F)S(N)(=O)=O","3-Amino-5-sulphamyl-4-(β,β,β-trifluoroethoxy)-benzoic acid"
"[N+](=O)([O-])C=1C=C(C(=O)O)C=C(C1OCC(F)(F)F)S(N)(=O)=O","3-Nitro-5-sulphamyl-4-(β,β,β-trifluoroethoxy)-benzoic acid"
"C(C)OC(C1=CC(=C(C(=C1)S(N)(=O)=O)Cl)[N+](=O)[O-])=O","ethyl-4-chloro-3-nitro-5-sulphamyl-benzoate"
"C(C)OC(C1=CC(=C(C(=C1)S(N)(=O)=O)NC1=CC=CC(=N1)C)[N+](=O)[O-])=O","ethyl-4-(2-methyl-6-pyridylamino)-3-nitro-5-sulphamyl-benzoate"
"NC1=CC=CC(=N1)C","6-amino-2-methyl-pyridine"
"CC1=NC(=CC=C1)NC1=C(C=C(C(=O)O)C=C1S(N)(=O)=O)[N+](=O)[O-]","4-(2-methyl-6-pyridylamino)-3-nitro-5-sulphamyl-benzoic acid"
"C(C)OC(C1=CC(=C(C(=C1)S(N)(=O)=O)NC1=CC=CC(=N1)C)[N+](=O)[O-])=O","Ethyl-4-(2-methyl-6-pyridylamino)-3-nitro-5-sulphamyl-benzoate"
"C(CCC)OC(C1=CC(=C(C(=C1)S(N)(=O)=O)Cl)[N+](=O)[O-])=O","n-butyl-4-chloro-3-nitro-5-sulphamyl-benzoate"
"C(C1=CC=CC=C1)OC1=CC=C(OC2=C(C=C(C(=O)O)C=C2S(N)(=O)=O)[N+](=O)[O-])C=C1","4-(4-benzyloxyphenoxy)-3-nitro-5-sulphamyl-benzoic acid"
"C(CCC)OC(C1=CC(=C(C(=C1)S(N)(=O)=O)OC1=CC=C(C=C1)OCC1=CC=CC=C1)[N+](=O)[O-])=O","n-butyl-4-(4-benzyloxyphenoxy)-3-nitro-5-sulphamyl-benzoate"
"NC=1C=C(C(=O)O)C=C(C1OC1=CC=C(C=C1)OCC1=CC=CC=C1)S(N)(=O)=O","3-amino-4-(4-benzyloxyphenoxy)-5-sulphamyl-benzoic acid"
"[N+](=O)([O-])C=1C=C(C(=O)Cl)C=C(C1OC1=CC=CC=C1)S(N)(=O)=O","3-nitro-4-phenoxy-5-sulphamyl-benzoyl chloride"
"[N+](=O)([O-])C=1C=C(C(=O)N)C=C(C1OC1=CC=CC=C1)S(N)(=O)=O","3-nitro-4-phenoxy-5-sulphamyl-benzamide"
"[N+](=O)([O-])C=1C=C(C(=O)Cl)C=C(C1OC1=CC=CC=C1)S(N)(=O)=O","3-Nitro-4-phenoxy-5-sulphamyl-benzoyl chloride"
"NC=1C=C(C(=O)N)C=C(C1OC1=CC=CC=C1)S(N)(=O)=O","3-amino-4-phenoxy-5-sulphamyl-benzamide"
"C(C)(=O)NS(=O)(=O)C=1C(=C(C=C(C(=O)O)C1)[N+](=O)[O-])OC1=CC=CC=C1","5-acetylsulphamyl-3-nitro-4-phenoxy-benzoic acid"
"[N+](=O)([O-])C=1C=C(C(=O)O)C=C(C1OC1=CC=CC=C1)S(N)(=O)=O","3-Nitro-4-phenoxy-5-sulphamyl-benzoic acid"
"COC(C1=CC(=C(C(=C1)S(N)(=O)=O)OC1=CC=CC=C1)NCCCC)=O","Methyl-3-n-butylamino-4-phenoxy-5-sulphamyl-benzoate"
"C(CCC)NC=1C=C(C(=O)O)C=C(C1OC1=CC=CC=C1)S(N)(=O)=O","3-n-butylamino-4-phenoxy-5-sulphamyl-benzoic acid"
"C(#N)COC(C1=CC(=C(C(=C1)S(N)(=O)=O)OC1=CC=CC=C1)NCCCC)=O","cyanomethyl-3-n-butylamino-4-phenoxy-5-sulphamyl-benzoate"
"ClCC#N","chloroacetonitrile"
"C(CCC)NC=1C=C(C(=O)O)C=C(C1OC1=CC=C(C=C1)S(=O)(=O)Cl)S(N)(=O)=O","3-butylamino-4-(4-chlorosulphonylphenoxy)-5-sulphamyl-benzoic acid"
"S(O)(=O)(=O)Cl","chlorosulphuric acid"
"C(CCC)NC=1C=C(C(=O)O)C=C(C1OC1=CC=CC=C1)S(N)(=O)=O","3-butylamino-4-phenoxy-5-sulphamyl-benzoic acid"
"C(CCC)NC=1C=C(C(=O)N)C=C(C1OC1=CC=CC=C1)S(N)(=O)=O","3-butylamino-4-phenoxy-5-sulphamyl-benzamide"
"CS(=O)(=O)Cl","Methanesulphonyl chloride"
"C(C1=CC=CC=C1)NC=1C=C(C(=O)O)C=C(C1SC1=CC=CC=C1)S(N)(=O)=O","3-benzylamino-4-phenylthio-5-sulphamyl-benzoic acid"
"C(C1=CC=CC=C1)Br","Benzyl bromide"
"C(CCC)NC=1C=C(C(=O)O)C=C(C1S(=O)C1=CC=CC=C1)S(N)(=O)=O","3-n-Butylamino-4-phenylsulphinyl-5-sulphamyl-benzoic acid"
"C(CCC)NC=1C=C(C(=O)O)C=C(C1SC1=CC=CC=C1)S(N)(=O)=O","3-n-butylamino-4-phenylthio-5-sulphamyl-benzoic acid"
"C(C)OC(C1=CC(=C(C(=C1)S(N)(=O)=O)NC1=CC=CC=C1)NCC1=CC=CC=C1)=O","ethyl-4-anilino-3-benzylamino-5-sulphamyl-benzoate"
"NC=1C=C(C(=O)O)C=C(C1NC1=CC=CC=C1)S(N)(=O)=O","3 -amino-4-anilino-5-sulphamyl-benzoic acid"
"N(C1=CC=CC=C1)C1=C(C=C(C(=O)O)C=C1S(N)(=O)=O)NCC1=CC=CC=C1","4-anilino-3-benzylamino-5-sulphamyl-benzoic acid"
"C(C)OC(C1=CC(=C(C(=C1)S(NC1=CC=CC=C1)(=O)=O)NC1=CC=CC=C1)NCC1=CC=CC=C1)=O","ethyl-4-anilino-3-benzylamino-5-phenylsulphamyl-benzoate"
"NC=1C=C(C(=O)O)C=C(C1NC1=CC=CC=C1)S(NC1=CC=CC=C1)(=O)=O","3-amino-4-anilino-5-phenylsulphamyl-benzoic acid"
"N(C1=CC=CC=C1)C1=C(C=C(C(=O)O)C=C1S(NC1=CC=CC=C1)(=O)=O)NCC1=CC=CC=C1","4-anilino-3-benzylamino-5-phenylsulphamyl-benzoic acid"
"C(C1=CC=CC=C1)NC=1C=C(C(=O)O)C=C(C1S(=O)C1=CC=CC=C1)S(N)(=O)=O","3-benzylamino-4-phenylsulphinyl-5-sulphamyl-benzoic acid"
"C(CCCCC)OC(C1=CC(=C(C(=C1)S(N)(=O)=O)OC1=CC=CC=C1)NCCCCCC)=O","n-Hexyl-3-n-hexylamino-4-phenoxy-5-sulphamyl-benzoate"
"BrCCCCCC","1-bromo-n-hexane"
"CS(=O)(=O)O","methanesulphonic acid"
"C(C)OC(C1=CC(=C(C(=C1)S(N)(=O)=O)OC1=CC=CC=C1)NCC=C)=O","ethyl-3-allylamino-4-phenoxy-5-sulphamyl-benzoate"
"C(C=C)Br","allyl bromide"
"C(C=C)NC=1C=C(C(=O)O)C=C(C1OC1=CC=CC=C1)S(N)(=O)=O","3-allylamino-4-phenoxy-5-sulphamyl-benzoic acid"
"C(C)OC(C1=CC(=C(C(=C1)S(N)(=O)=O)OC1=CC=CC=C1)NCC=C)=O","Ethyl-3-allylamino-4-phenoxy-5-sulphamyl-benzoate"
"C(C)OC(C1=CC(=C(C(=C1)S(N)(=O)=O)OC1=CC=CC=C1)NCC#C)=O","ethyl-4-phenoxy-3-propargylamino-5-sulphamyl-benzoate"
"C(C#C)Br","propargyl bromide"
"O(C1=CC=CC=C1)C1=C(C=C(C(=O)O)C=C1S(N)(=O)=O)NCC#C","4-phenoxy-3-propargylamino-5sulphamyl-benzoic acid"
"C(C)OC(C1=CC(=C(C(=C1)S(N)(=O)=O)OC1=CC=CC=C1)NCCC)=O","ethyl-4-phenoxy-3-n-propylamino-5sulphamyl-benzoate"
"O(C1=CC=CC=C1)C1=C(C=C(C(=O)O)C=C1S(N)(=O)=O)NCCC","4-phenoxy-3-n-propylamino-5-sulphamyl-benzoic acid"
"C(C)OC(C1=CC(=C(C(=C1)S(N)(=O)=O)OC1=CC=CC=C1)NCCC)=O","Ethyl-4-phenoxy-3-n-propylamino-5-sulphamyl-benzoate"
"C(C)NC=1C=C(C(=O)OCC)C=C(C1OC1=CC=CC=C1)S(N)(=O)=O","ethyl 3-ethylamino-4-phenoxy-5-sulphamyl-benzoate"
"C(CCCC)NC=1C=C(C(=O)OCCCCC)C=C(C1OC1=CC=CC=C1)S(N)(=O)=O","n-pentyl 3-pentylamino-4-phenoxy-5-sulphamyl-benzoate"
"C(CCCC)NC=1C=C(C(=O)O)C=C(C1OC1=CC=CC=C1)S(N)(=O)=O","3-n-pentylamino-4-phenoxy-5-sulphamyl-benzoic acid"
"C(CCCC)NC=1C=C(C(=O)OCCCCC)C=C(C1OC1=CC=CC=C1)S(N)(=O)=O","n-pentyl 3-n-pentylamino-4-phenoxy-5-sulphamyl-benzoate"
"C(C1=CC=CC=C1)NC=1C=C(C(=O)OCC)C=C(C1OC1=CC=C(C=C1)OCC1=CC=CC=C1)S(N)(=O)=O","ethyl 3-benzylamino-4-(4-benzyloxyphenoxy)-5-sulphamyl-benzoate"
"C(C1=CC=CC=C1)NC=1C=C(C(=O)O)C=C(C1OC1=CC=C(C=C1)OCC1=CC=CC=C1)S(N)(=O)=O","3-benzylamino-4-(4-benzyloxyphenoxy)-5-sulphamyl-benzoic acid"
"C(C1=CC=CC=C1)NC=1C=C(C(=O)O)C=C(C1OC1=CC=C(C=C1)O)S(N)(=O)=O","3-benzylamino-4-(4-hydroxyphenoxy)-5-sulphamyl-benzoic acid"
"C(C1=CC=CC=C1)NC=1C=C(C(=O)O)C=C(C1NCCC1=CC=CC=C1)S(N)(=O)=O","3-benzylamino-4-(β-phenylethylamino)-5-sulphamyl-benzoic acid"
"C(C1=CC=CC=C1)NC=1C=C(C(=O)OCC)C=C(C1N1CCCCC1)S(N)(=O)=O","ethyl 3-benzylamino-4-piperidino-5-sulphamyl-benzoate"
"C(C1=CC=CC=C1)NC=1C=C(C(=O)O)C=C(C1NC(C)C)S(N)(=O)=O","3-Benzylamino- 4-isopropylamino-5-sulphamyl-benzoic acid"
"C(C1=CC=CC=C1)NC=1C=C(C(=O)O)C=C(C1NC1=CC=CC(=N1)C)S(N)(=O)=O","3-Benzylamino-4-(2-methyl-6-pyridylamino)-5-sulphamyl-benzoic acid"
"NC=1C=C(C(=O)O)C=C(C1NC1=CC=CC(=N1)C)S(N)(=O)=O","3-amino-4-(2-methyl-6-pyridylamino)-5-sulphamyl-benzoic acid"
"C(C1=CC=CC=C1)NC=1C=C(C(=O)OCC)C=C(C1OC1=CC(=CC=C1)C(F)(F)F)S(N)(=O)=O","Ethyl 3-benzylamino-5-sulphamyl-4-(m-trifluoromethylphenoxy)-benzoate"
"C(C1=CC=CC=C1)NC=1C=C(C(=O)OCC)C=C(C1NC1=CC(=CC=C1)C(F)(F)F)S(N)(=O)=O","Ethyl 3-benzylamino-5-sulphamyl-4-(m-trifluoromethylanilino)-benzoate"
"C(C1=CC=CC=C1)NC=1C=C(C(=O)OCC)C=C(C1NC1=CC2=CC=CC=C2C=C1)S(N)(=O)=O","Ethyl 3-benzylamino-4-(β-naphthylamino)-5-sulphamyl-benzoate"
"NC=1C=C(C(=O)O)C=C(C1NC1=CC2=CC=CC=C2C=C1)S(N)(=O)=O","3-amino-4-(β-naphthylamino)-5-sulphamyl-benzoic acid"
"C(C1=CC=CC=C1)NC=1C=C(C(=O)OCC)C=C(C1NC=1C=C(C=CC1)C)S(N)(=O)=O","Ethyl 3-benzylamino-5-sulphamyl-4-(m-toluidino)-benzoate"
"C(C1=CC=CC=C1)NC=1C=C(C(=O)OCC)C=C(C1N1CCOCC1)S(N)(=O)=O","Ethyl 3-benzylamino-4-morpholino-5-sulphamyl-benzoate"
"N(C1=CC=CC=C1)C1=C(C=C(C(=O)O)C=C1S(N)(=O)=O)NCCCC","4-Anilino-3-butylamino-5-sulphamyl-benzoic acid"
"OS(=O)(=O)O","H2SO4"
"N(C1=CC=CC=C1)C1=C(C=C(C(=O)OCCCC)C=C1S(N)(=O)=O)NCCCC","butyl 4-anilino-3-butylamino-5-sulphamyl-benzoate"
"C(CCC)NC1=C(C=C(C(=O)O)C=C1S(N)(=O)=O)[N+](=O)[O-]","4-butylamino-3-nitro-5-sulphamyl-benzoic acid"
"NC=1C=C(C(=O)O)C=C(C1NCCCC)S(N)(=O)=O","3-amino-4-butylamino-5-sulphamyl-benzoic acid"
"C(C1=CC=CC=C1)NC=1C=C(C(=O)O)C=C(C1NCCCC)S(N)(=O)=O","3-benzylamino-4-butylamino-5-sulphamyl-benzoic acid"
"NC=1C=C(C(=O)O)C=C(C1NCCCC)S(N)(=O)=O","3-amino-4 -butylamino-5-sulphamyl-benzoic acid"
"C(C)(=O)NS(=O)(=O)C=1C(=C(C=C(C(=O)O)C1)NCC1=CC=CC=C1)OC1=CC=CC=C1","5-Acetylsulphamyl-3-benzylamino- 4-phenoxy-benzoic acid"
"NC=1C=C(C(=O)O)C=C(C1OC1=CC=CC=C1)S(NC(C)=O)(=O)=O","3-amino-5-acetylsulphamyl-4-phenoxy-benzoic acid"
"C(C1=CC=CC=C1)=O","benzaldehyde"
"C(C1=CC=CC=C1)NC=1C=C(C(=O)O)C=C(C1OC1=CC=CC=C1)S(N)(=O)=O","3-benzylamino-4-phenoxy-5-sulphamyl-benzoic acid"
"C(C)(=O)NS(=O)(=O)C=1C(=C(C=C(C(=O)O)C1)NCC1=CC=CC=C1)OC1=CC=CC=C1","5-acetylsulphamyl-3-benzylamino-4-phenoxy-benzoic acid"
"C(C1=CC=CC=C1)NC=1C=C(C(=O)OCC)C=C(C1OC1=CC=CC=C1)S(NC)(=O)=O","ethyl 3-benzylamino-5-methylsulphamyl-4-phenoxy-benzoate"
"C(C1=CC=CC=C1)NC=1C=C(C(=O)O)C=C(C1OC1=CC=CC=C1)S(NC)(=O)=O","3 -benzylamino-5-methylsulphamyl-4-phenoxy-benzoic acid"
"C(C1=CC=CC=C1)NC=1C=C(C(=O)OCC)C=C(C1OC1=CC=CC=C1)S(NC)(=O)=O","Ethyl 3-benzylamino-5-methylsulphamyl-4-phenoxy-benzoate"
"C(C1=CC=CC=C1)NC=1C=C(C(=O)OCC)C=C(C1OC1=CC=CC=C1)S(N(C)C)(=O)=O","ethyl 3-benzylamino-5-dimethylsulphamyl-4-phenoxy-benzoate"
"C(C1=CC=CC=C1)NC=1C=C(C(=O)O)C=C(C1OC1=CC=CC=C1)S(N(C)C)(=O)=O","3-benzylamino-5-dimethylsulphamyl-4-phenoxy-benzoic acid"
"C(C1=CC=CC=C1)NC=1C=C(C(=O)OCC)C=C(C1OC1=CC=CC=C1)S(N(C)C)(=O)=O","Ethyl 3-benzylamino-5 -dimethylsulphamyl-4-phenoxy-benzoate"
"C(C1=CC=CC=C1)NC=1C=C(C(=O)O)C=C(C1OC1=CC=CC=C1)S(NCCCC)(=O)=O","3-benzylamino-5-(n-butylsulphamyl)-4-phenoxy-benzoic acid"
"C(C1=CC=CC=C1)NC=1C=C(C(=O)OCC)C=C(C1OC1=CC=CC=C1)S(NCCCC)(=O)=O","ethyl 3-benzylamino-5-(n-butylsulphamyl)- 4-phenoxy-benzoate"
"C(CCC)NC=1C=C(C(=O)O)C=C(C1OC1=CC=CC=C1)S(NCCCC)(=O)=O","3-(n-butylamino)-5-(n-butylsulphamyl)-4-phenoxy-benzoic acid"
"NC=1C=C(C(=O)O)C=C(C1OC1=CC=CC=C1)S(NCCCC)(=O)=O","3-Amino-5-(n-butylsulphamyl)-4-phenoxy-benzoic acid"
"NC=1C=C(C(=O)O)C=C(C1OC1=CC=CC=C1)S(N)(=O)=O","3-amino-4-phenoxy-5-sulphamyl benzoic acid"
"N(C1=CC=CC=C1)C1=C(C=C(C(=O)OCC)C=C1S(NC1=CC=CC=C1)(=O)=O)NCC1=CC=CC=C1","Ethyl 4-anilino-3-benzylamino-5-phenylsulphamylbenzoate"
"NC1[C@@H]2N(C(=C(CS2)CSC(=O)C=2SC=CN2)C(=O)O)C1=O","7-Amino-3-(2-thiazolyl)carbonylthiomethyl-3-cephem 4-carboxylic acid"
"CC(=O)OCC1=C(N2[C@@H]([C@@H](C2=O)N)SC1)C(=O)O","7-aminocephalosporanic acid"
"P(=O)([O-])([O-])[O-]","phosphate"
"S1C(=NC=C1)C(O)=S","thiazole-2-thiocarboxylic acid"
"P(O)(O)(O)=O","phosphoric acid"
"NC1[C@@H]2N(C(=C(CS2)CSC(=O)C=2SC(=CN2)C)C(=O)O)C1=O","7Amino-3-(5-methylthiazol-2-yl)carbonylthiomethyl-3-cephem-4-carboxylic acid"
"CC1=CN=C(S1)C(O)=S","5-methylthiazole-2-thiocarboxylic acid"
"NC1[C@@H]2N(C(=C(CS2)CSC(=O)C=2N=CSC2)C(=O)O)C1=O","7-amino-3-(thiazol-4-yl)carbonylthiomethyl-3-cephem-4-carboxylic acid"
"S1C=NC(=C1)C([O-])=S.[K+]","potassium thiazole-4-thiocarboxylate"
"C(=O)(O)[O-].[Na+]","NaHCO3"
"OP(=O)(O)O","H3PO4"
"NC1[C@@H]2N(C(=C(CS2)CSC(=O)C2=CN=CS2)C(=O)O)C1=O","7-amino-3-(5-thiazolyl)carbonylthiomethyl-3-cephem-4-carboxylic acid"
"[K+].S1C=NC=C1C([O-])=S","thiazole-5-thiocarboxylic acid potassium salt"
"C1(CCCCC1)NC1CCCCC1.CC=1N=C(SC1)C(O)=S","4-methylthiazole-2-thiocarboxylic acid dicyclohexylamine salt"
"CC=1N=C(SC1)C(=O)O","4-methyl-2-carboxythiazole"
"C1(CCCCC1)NC1CCCCC1","dicyclohexylamine"
"NC1[C@@H]2N(C(=C(CS2)CSC(=O)C=2SC=C(N2)C)C(=O)O)C1=O","7-amino-3-(4-methylthiazol-2-yl)carbonylthiomethyl-3-cephem-4-carboxylic acid"
"CC=1N=CSC1.S1C(=CC=C1)C(=O)O","4-methylthiazole 2-thiolcarboxylic acid"
"CC=1N=CSC1C.C1(CCCCC1)NC1CCCCC1.S1C(=CC=C1)C(=O)O","4,5-Dimethylthiazole 2-thiolcarboxylic acid dicyclohexylamine salt"
"CC=1N=C(SC1C)C(=O)O","4,5-dimethylthiazole-2-carboxylic acid"
"C(C(=O)Cl)(=O)Cl","oxalyl chloride"
"CC=1N=CSC1C.S1C(=CC=C1)C(=O)O","4,5-Dimethylthiazole 2-thioicarboxylic acid"
"CC=1N=CSC1C.C1(CCCCC1)NC1CCCCC1.S1C(=CC=C1)C(=O)O","4,5-dimethylthiazole 2-thiolcarboxylic acid dicyclohexylamine salt"
"NC1[C@@H]2N(C(=C(CS2)CSC(=O)C=2SC(=C(N2)C)C)C(=O)O)C1=O","7-Amino-3-(4,5-dimethylthiazol-2-yl)carbonylthiomethyl-3-cephem-4-carboxylic acid"
"CC=1N=CSC1C.S1C(=CC=C1)C(=O)O","4,5-dimethylthiazole 2-thiolcarboxyic acid"
"NC1[C@@H]2N(C(=C(CS2)CSC(=O)C=2N=C(SC2)C)C(=O)O)C1=O","7-Amino-3-(2-methylthiazol-4-yl)carbonylthiomethyl-3-cephem-4-carboxylic acid"
"CC=1SC=CN1.[K+].S1C=CC(=C1)C(=O)[O-]","2-methylthiazole 4-thiolcarboxylic acid potassium salt"
"C(CCC)C1=C(C(=CC=C1C)O)CCCC","dibutyl-p-cresol"
"CCCCCC","hexane"
"CCCCCCCC(=O)[O-].CCCCCCCC(=O)[O-].[Ni+2].C1=CCCCC1.C(C)[Al](CC)CC","nickel octoate cyclohexene triethyl aluminum"
"O(C1=CC=CC=C1)C1=CC=C(C=C1)C(C(C)(C)C)=O","p-phenoxypivalophenone"
"II","iodine"
"C1=CC=C(C=C1)OC2=CC=C(C=C2)Br","4-bromodiphenyl ether"
"CC(C(=O)Cl)(C)C","trimethylacetyl chloride"
"CC(O)C=1NC=2C=CC=C3C=CC=C(N1)C23","α-methyl-2-perimidinemethanol"
"NC1=CC=CC2=CC=CC(=C12)N","1,8-diaminonaphthalene"
"C(C(O)C)(=O)O","lactic acid"
"Cl.C(C)C(O)(C=1NC=2C=CC=C3C=CC=C(N1)C23)C","α-ethyl-α-methyl-2-perimidinemethanol, hydrochloride"
"NC1=CC=CC2=CC=CC(=C12)N","1,8-Diaminonaphthalene"
"OC(C(=O)O)(CC)C","2-hydroxy-2-methyl butyric acid"
"C1=CC(C2=CC=CC3=NC=4N(C1=C32)COC4)=O","3H-oxazolo[3,4-a]perimidine-3-one"
"N1C(=NC2=CC=CC3=CC=CC1=C23)CO","2-perimidinemethanol"
"ClC(=O)OCC","ethyl chloroformate"
"C(OC)COC","dimethoxyethane"
"Cl.N1C(=NC2=CC=CC3=CC=CC1=C23)CNC(O)=O","(2-Perimidyl)methylcarbamate hydrochloride"
"Cl.C(N)(OCC=1NC=2C=CC=C3C=CC=C(N1)C23)=O","(2-perimidyl)methyl carbamate hydrochloride"
"CN(C(OCC=1NC=2C=CC=C3C=CC=C(N1)C23)=O)C","(2-perimidyl)methyl N,N-dimethylcarbamate"
"C1=CCC2=CC=CC3=NC=4N(C1=C32)COC4","3H-oxazolo[3,4-a]perimidine"
"C(C1=CC=CC=C1)(=O)OCC=1NC=2C=CC=C3C=CC=C(N1)C23","(2-perimidyl)methyl benzoate"
"N1C(=NC2=CC=CC3=CC=CC1=C23)CO","2-Perimidinemethanol"
"C(C1=CC=CC=C1)(=O)OC(C1=CC=CC=C1)=O","benzoic anhydride"
"N1=C(C=CC=C1)C=1SC2=C(N1)C=CC=C2","2-(2-Pyridinyl)benzothiazole"
"NC1=C(C=CC=C1)S","o-aminothiophenol"
"N1=CC(=CC=C1)C=1SC2=C(N1)C=CC=C2","2-(3-Pyridinyl)benzothiazole"
"NC1=C(C=CC=C1)S","o-Aminothiophenol"
"C(C1=CN=CC=C1)(=O)O","nicotinic acid"
"[N+](=O)([O-])C=1C=CC2=C(N=C(S2)C=2C=NC=CC2)C1","5-Nitro-2-(3-pyridinyl)benzothiazole"
"NC1=C(C=CC(=C1)[N+](=O)[O-])S","2-Amino-4-nitrobenzenethiol"
"NC=1C=CC2=C(N=C(S2)C=2C=NC=CC2)C1","5-Amino-2-(3-pyridinyl)benzothiazole"
"Cl[Sn]Cl","SnCl2"
"N(=C=S)C=1C=CC2=C(N=C(S2)C=2C=NC=CC2)C1","5-Isothiocyanato-2-(3-pyridinyl)benzothiazole"
"C(=S)(Cl)Cl","Thiophosgene"
"COC1=CC2=C(N=C(S2)C2=NC=CC=C2)C=C1","6-Methoxy-2-(2-pyridinyl)benzothiazole"
"NC1=C(C=C(C=C1)OC)S","2-amino-5-methoxy-benzenethiol"
"C(Cl)(Cl)Cl","CHCl3"
"[N+](=O)([O-])C=1C(=CC2=C(N=C(S2)C2=NC=CC=C2)C1)OC","5-Nitro-6-methoxy-2-(2-pyridinyl)benzothiazole"
"COC1=CC2=C(N=C(S2)C2=NC=CC=C2)C=C1","6-Methoxy -2-(pyridinyl)benzothiazole"
"[N+](=O)(O)[O-]","Nitric acid"
"[OH-].[Na+]","NaOH"
"N(=C=S)C=1C(=CC2=C(N=C(S2)C=2C=NC=CC2)C1)OC","5-Isothiocyanato-6-methoxy-2-(3-pyridinyl)benzothiazole"
"NC=1C(=CC2=C(N=C(S2)C2=NC=CC=C2)C1)OC","5-Amino-6-methoxy-2-(2-pyridinyl)benzothiazole"
"[N+](=O)([O-])C=1C=CC2=C(N=C(S2)C=2SC=CC2)C1","5-Nitro-2-(2-thienyl)benzothiazole"
"S1C(=CC=C1)C(=O)O","thiophene-2-carboxylic acid"
"N(=C=S)C=1C=CC2=C(N=C(S2)C=2SC=CC2)C1","5-Isothiocyanato-2-(2-thienyl)benzothiazole"
"NC=1C=CC2=C(N=C(S2)C=2SC=CC2)C1","5-Amino-2-(2-thienyl)benzothiazole"
"ClC1=CC=C(OC2=CC=C(OCC(=O)OC)C=C2)C=C1","methyl 4-(4'-chlorophenoxy)phenoxyacetate"
"ClC1=CC=C(OC2=CC=C(C=C2)O)C=C1","4-(4'-chlorophenoxy)phenol"
"ClCC(=O)OC","methyl chloroacetate"
"NCC1N(CCC2=CC=CC=C12)CC1=CC=CC=C1","1-aminomethyl-2-benzyl-1,2,3,4-tetrahydroisoquinoline"
"NCC1N(CCC2=CC=CC=C12)CCCC(=O)OCC","1-aminomethyl-2-(3-carbethoxypropyl)-1,2,3,4-tetrahydroisoquinoline"
"C(C1=CC=CC=C1)(=O)NCC1N(CCC2=CC=CC=C12)CCCl","1-benzamidomethyl-2-(2-chloroethyl)-1,2,3,4-tetrahydroisoquinoline"
"C(CC(=O)OCC)(=O)OCC","diethyl malonate"
"C(CCC)O[K]","C4H9OK"
"COC=1C=C(C(=O)NCC2N(CCC3=CC=CC=C23)CCO)C=C(C1OC)OC","1-(3,4,5-trimethoxybenzamidomethyl)-2-(2-hydroxyethyl)-1,2,3,4-tetrahydroisoquinoline"
"NCC1N(CCC2=CC=CC=C12)CCO","1-aminomethyl-2-(2-hydroxyethyl)-1,2,3,4-tetrahydroisoquinoline"
"COC=1C=C(C(=O)Cl)C=C(C1OC)OC","3,4,5-trimethoxybenzoyl chloride"
"COC=1C=C(C(=O)NCC2NCCC3=CC(=C(C=C23)OC)OC)C=C(C1OC)OC","1-(3,4,5-trimethoxybenzamidomethyl)-6,7-dimethoxy-1,2,3,4-tetrahydroisoquinoline"
"COC=1C=C(C(=O)NCC(=O)NCC(C2=CC(=C(C=C2)OC)OC)O)C=C(C1OC)OC","α-(3,4,5-trimethoxybenzamido)-N-[2-hydroxy-2-(3,4-dimethoxyphenyl)-ethyl]-acetamide"
"C(Cl)(Cl)Cl","chloroform"
"COC=1C=C(C=CC1OC)CCCl","1-(3,4-dimethoxyphenyl)-2-chloroethane"
"COC=1C=C(C(=O)NCC#N)C=C(C1OC)OC","3,4,5-trimethoxybenzamidoacetonitrile"
"ClC1=C(C=CC=C1)Cl","o-dichlorobenzene"
"[Sn](Cl)(Cl)(Cl)Cl","tin tetrachloride"
"COC1=CC=C(C=C1)C(O)C1=NC=CC=C1","4-methoxyphenyl-2-pyridylcarbinol"
"C(CCC)[Li]","butyl lithium"
"BrC1=NC=CC=C1","2-bromopyridine"
"COC1=CC=C(C=O)C=C1","4-methoxybenzaldehyde"
"N1=C(C=CC=C1)C(=O)C1=CC(=C(C=C1)OCC1=CC=CC=C1)NC(C)=O","3-acetamido-4-benzyloxyphenyl 2-pyridyl ketone"
"N1=C(C=CC=C1)C(=O)C1=CC(=C(C=C1)OCC1=CC=CC=C1)N","3-amino-4-benzyloxyphenyl 2-pyridyl ketone"
"N1=C(C=CC=C1)C(=O)C1=CC(=C(C=C1)OCC1=CC=CC=C1)NC=O","4-benzyloxy-3-formamidophenyl 2-pyridyl ketone"
"C(=O)OCC","ethyl formate"
"N1=C(C=CC=C1)C(=O)C1=CC(=C(C=C1)OCC1=CC=CC=C1)NS(N(C)C)(=O)=O","4-benzyloxy-3-dimethylsulfamoylaminophenyl 2-pyridyl ketone"
"CN(S(=O)(=O)Cl)C","dimethylsulfamyl chloride"
"N1=C(C=CC=C1)C(=O)C1=CC(=C(C=C1)OCC1=CC=CC=C1)N(C(C)=O)S(=O)(=O)Cl","4-benzyloxy-3-(N-chlorosulfonylacetamido)phenyl 2-pyridyl ketone"
"S(=O)(=O)(Cl)Cl","sulfuryl chloride"
"N1=C(C=CC=C1)C(=O)C1=CC(=C(C=C1)OCC1=CC=CC=C1)N=C=O","4-benzyloxy-3-isocyanatophenyl 2-pyridyl ketone"
"C(=O)(Cl)Cl","phosgene"
"COC1=CC=C(C=C1)C(O)C1=NC(=CC=C1)C","4-methoxyphenyl-(6-methyl-2-pyridyl)carbinol"
"CC1=CC=CC(=N1)C(=O)O","6-methylpicolinic acid"
"CC1=CC=CC(=N1)C(=O)C1=CC(=C(C=C1)OCC1=CC=CC=C1)N","3-amino-4-benzyloxyphenyl (6-methyl-2-pyridyl) ketone"
"C(CCC)C=1C=CC(=NC1)C(=O)C1=CC(=C(C=C1)OCC1=CC=CC=C1)N","3-amino-4-benzyloxyphenyl (5-n-butyl-2-pyridyl) ketone"
"CC1=CC=CC(=N1)C(=O)C1=CC=C(C=C1)OC","4-Methoxyphenyl (6-methyl-2-pyridyl) ketone"
"C(CCC)C=1C=CC(=NC1)C(=O)C1=CC=C(C=C1)OC","4-methoxyphenyl (5-n-butyl-2-pyridyl) ketone"
"B(Br)(Br)Br","BBr3"
"C(#N)C(CCC(=O)OCC)(CCC(=O)OCC)C1=CC=CC=C1","diethyl γ-cyano-γ-phenylpimelate"
"C1(=CC=CC=C1)CC#N","phenylacetonitrile"
"C(C=C)(=O)OCC","ethyl acrylate"
"N1C(C2(CCC1=O)CCC(C1=CC=CC=C12)=O)=O","2,3-dihydrospiro-[naphthalene-1(4H),3'-piperidine]-2',4,6'-trione"
"C(N)(=O)C(CCC(=O)O)(CCC(=O)O)C1=CC=CC=C1","γ-carbamoyl-γ-phenylpimelic acid"
"N1C(C2(CCC1=O)CCC(C1=CC=CC=C12)=O)=O","2,3-dihydrospiro-[naphthalene-1(4H), 3'-piperidine]-2',4,6'-trione"
"C1(=CC=CC=C1)C1(C(NC(CC1)=O)=O)CCC(=O)O","3-phenyl-2,6-dioxopiperidine-3-propionic acid"
"CN1C(C2(CCC1=O)CCC(C1=CC=CC=C12)=O)=O","1'-methyl-2,3-dihydrospiro-[naphthalene-1(4H),3'-piperidine]-2',4,6'-trione"
"S(=O)(=O)(OC)OC","dimethyl sulfate"
"C(C)N1C(C2(CCC1=O)CCC(C1=CC=CC=C12)=O)=O","1'-ethyl-2,3-dihydrospiro-[naphthalene-1(4H),3'-piperidine]-2',4,6'-trione"
"S(=O)(=O)(OCC)OCC","diethyl sulfate"
"CN1C(C2(CCC1=O)CCC(C1=CC(=CC=C12)C)=O)=O","1',6-dimethyl-2,3-dihydrospiro-[naphthalene-1(4H),3'-piperidine]-2',4,6'-trione"
"CC=1C=C2C(CCC3(C(NC(CC3)=O)=O)C2=CC1)=O","2,3-dihydro-6-methylspiro-[naphthalene-1(4H),3'-piperidine]-2',4,6'-trione"
"C(C)(C)O","isopropyl alcohol"
"COC=1C=C2C(CCC3(C(NC(CC3)=O)=O)C2=CC1OC)=O","2,3-dihydro-6,7-dimethoxyspiro-[naphthalene-1(4H),3'-piperidine]-2',4,6'-trione"
"C(#N)C(CCC(=O)OC)(CCC(=O)OC)C1=CC(=C(C=C1)OC)OC","dimethyl γ-cyano-γ-(3,4-dimethoxyphenyl)pimelate"
"COC=1C=C(C=CC1OC)CC#N","3,4-dimethoxyphenylacetonitrile"
"N1CC2(CCC1=O)C(C(C1=CC=CC=C12)=O)=O","spiro-[indane-1,3'-piperidine]-2,3,6'-trione"
"C(#N)C(CC(=O)OCC)(CCC(=O)OCC)C1=CC=CC=C1","diethyl β-cyano-β-phenyladipate"
"[N+](=O)([O-])C=1C=C2C(CCC3(C(NC(CC3)=O)=O)C2=CC1)=O","2,3-dihydro-6-nitrospiro-[naphthalene-1(4H),3'-piperidine]-2',4,6'-trione"
"C(C)OC(=O)C1=C(N=C(C(C1C1=CC=CC=C1)C(=O)OCC)OCC)N","2-amino-4-phenyl-6-ethoxy-4,5-dihydropyridine-3,5-dicarboxylic acid diethyl ester"
"C(C)OC(C=C(OCC)N)=O","3-amino-3-ethoxyacrylic acid ethyl ester"
"COC(=O)C1=C(N=C(C(C1C1=CC(=CC=C1)[N+](=O)[O-])C(=O)OC)OCC)N","2-amino-4-(3-nitrophenyl)-6-ethoxy-4,5-dihydropyridine-3,5-dicarboxylic acid dimethyl ester"
"[N+](=O)([O-])C=1C=C(C=O)C=CC1","3-nitrobenzaldehyde"
"COC(C=C(OCC)N)=O","3-amino-3-ethoxyacrylic acid methyl ester"
"C(C)OC(=O)C1=C(N=C(C(C1C1=CC(=CC=C1)[N+](=O)[O-])C(=O)OCC)OCC)N","2-amino-4-(3-nitrophenyl)-6-ethoxy-4,5-dihydropyridine-3,5-dicarboxylic acid diethyl ester"
"C(C)OC(=O)C1=C(N=C(C(C1C1=CC(=CC=C1)Cl)C(=O)OCC)OCC)N","2-amino-4-(3-chlorophenyl)-6-ethoxy-4,5-dihydropyridine-3,5-dicarboxylic acid diethyl ester"
"ClC=1C=C(C=O)C=CC1","3-chlorobenzaldehyde"
"COC(=O)C1=C(N=C(C(C1C1=CC(=CC=C1)Cl)C(=O)OC)OCC)N","2-amino-4-(3-chlorophenyl)-6-ethoxy-4,5-dihydropyridine-3,5-dicarboxylic acid dimethyl ester"
"C(C)OC(=O)C1=C(N=C(C(C1C1=CC=C(C=C1)Cl)C(=O)OCC)OCC)N","2-amino-4-(4-chlorophenyl)-6-ethoxy-4,5-dihydropyridine-3,5-dicarboxylic acid diethyl ester"
"ClC1=CC=C(C=O)C=C1","4-chlorobenzaldehyde"
"COC(=O)C1=C(N=C(C(C1C1=C(C=CC=C1)F)C(=O)OC)OCC)N","2-amino-4-(2-fluorophenyl)-6-ethoxy-4,5-dihydropyridine-3,5-dicarboxylic acid dimethyl ester"
"FC1=C(C=O)C=CC=C1","2-fluorobenzaldehyde"
"C(C)OC(=O)C1=C(N=C(C(C1C1=C(C=C(C=C1)Cl)Cl)C(=O)OCC)OCC)N","2-amino-4-(2,4-dichlorophenyl)-6-ethoxy-4,5-dihydropyridine-3,5-dicarboxylic acid diethyl ester"
"ClC1=C(C=O)C=CC(=C1)Cl","2,4-dichlorobenzaldehyde"
"C(C)OC(=O)C1=C(N=C(C(C1C1=CC(=CC=C1Cl)[N+](=O)[O-])C(=O)OCC)OCC)N","2-amino-4-(3-nitro-6-chlorophenyl)-6-ethoxy-4,5-dihydropyridine-3,5-dicarboxylic acid diethyl ester"
"[N+](=O)([O-])C=1C=C(C=O)C(=CC1)Cl","3-nitro-6-chlorobenzaldehyde"
"C(C)OC(=O)C1=C(N=C(C(C1C1=CC=C(C=C1)C)C(=O)OCC)OCC)N","2-amino-4-(4-methylphenyl)-6-ethoxy-4,5-dihydropyridine-3,5-dicarboxylic acid diethyl ester"
"CC1=CC=C(C=O)C=C1","4-methylbenzaldehyde"
"C(C)OC(=O)C1=C(N=C(C(C1C=1OC=CC1)C(=O)OCC)OCC)N","2-amino-4-(2-furyl)-6-ethoxy-4,5-dihydropyridine-3,5-dicarboxylic acid diethyl ester"
"O1C(=CC=C1)C=O","furan-2-aldehyde"
"C(C)OC(C=C(OCC)N)=O","3-amino-3-ethoxy-acrylic acid ethyl ester"
"C(C)(C)OC(=O)C1=C(N=C(C(C1C1=CC(=CC=C1)[N+](=O)[O-])C(=O)OC(C)C)OCC)N","2-amino-6-ethoxy-4-(3-nitrophenyl)-4,5-dihydropyridine-3,5-dicarboxylic acid diisopropyl ester"
"C(C)(C)OC(C=C(OCC)N)=O","3-amino-3-ethoxyacrylic acid isopropyl ester"
"C(C)OC(=O)C1=C(N=C(C(C1C1=CC=NC=C1)C(=O)OCC)SCC)N","2-amino-4-(4-pyridyl)-6-ethylmercapto-4,5-dihydropyridine-3,5-dicarboxylic acid diethyl ester"
"N1=CC=C(C=C1)C=O","pyridine-4-aldehyde"
"C(C)OC(C=C(SCC)N)=O","3-amino-3-ethylmercaptoacrylic acid ethyl ester"
"C(C)C1CCC2=C3C(C(C(=CN13)C(=O)O)=O)=CC=C2","6,7-dihydro-5-ethyl-1-oxo-1H,5H-benzo[ij]quinolizine-2-carboxylic acid"
"C(C)C1NC2=CC=CC=C2CC1","2-ethyltetrahydroquinoline"
"CN(C)C1=CC=2CCC(N3C=C(C(C(C23)=C1)=O)C(=O)OCC)C","ethyl 6,7-dihydro-9-(N,N-dimethylamino)-5-methyl-1-oxo-1H,5H-benzo[ij]quinolizine-2-carboxylate"
"CN(C)C=1C=C2CCC(NC2=CC1)C","6-(N,N-Dimethylamino)-2-methyltetrahydroquinoline"
"CC1CCC2=C3C(C(C(=CN13)C(=O)OCC)=O)=C(C=C2)C","ethyl 6,7-dihydro-5,10-dimethyl-1-oxo-1H,5H-benzo[ij]quinolizine-2-carboxylate"
"CC1NC2=CC(=CC=C2CC1)C","2,7-dimethyltetrahydroquinoline"
"COC1=CC=2CCCN3C=C(C(C(C23)=C1)=O)C(=O)O","6,7-dihydro-9-methoxy-1-oxo-1H,5H-benzo[ij]quinolizine-2-carboxylic acid"
"C(C)OC=C(C(=O)OCC)C(=O)OCC","Diethyl ethoxymethylenemalonate"
"COC=1C=C2CCCNC2=CC1","6-methoxytetrahydroquinoline"
"C","charcoal"
"NC=1C=CC=2CCC(N3C=C(C(C1C23)=O)C(=O)O)C","10-amino-6,7-dihydro-5-methyl-1-oxo-1H,5H-benzo-[ij]quinolizine-2-carboxylic acid"
"CC1CCC2=C3C(C(C(=CN13)C(=O)O)=O)=C(C=C2)[N+](=O)[O-]","6,7-Dihydro-5-methyl-10-nitro-1-oxo-1H,5H-benzo[ij]-quinolizine-2-carboxylic acid"
"OC1=CC=C2C(C(=CN3C(CCC1=C23)C)C(=O)O)=O","6,7-dihydro-8-hydroxy-5-methyl-1-oxo-1H,5H-benzo [ij]quinolizine-2-carboxylic acid"
"COC1=CC=C2C(C(=CN3C(CCC1=C23)C)C(=O)O)=O","6,7-dihydro-8-methoxy-5-methyl-1-oxo-1H,5H-benzo[ij]quinolizine-2-carboxylic acid"
"Br","hydrobromic acid"
"C(C)(=O)NC=1C=CC=2CCC(N3C=C(C(C1C23)=O)C(=O)O)C","10-acetamido-6,7-dihydro-5-methyl-1-oxo-1H,5H-benzo[ij]quinolizine-2-carboxylic acid"
"NC=1C=CC=2CCC(N3C=C(C(C1C23)=O)C(=O)O)C","10-Amino-6,7-dihydro-5-methyl-1-oxo-1H,5H-benzo[ij]-quinolizine-2-carboxylic acid"
"C(C)(=O)NC1=C(C=C2C(C(=CN3C(CCC1=C23)C)C(=O)O)=O)Cl","8-acetamido-9-chloro-6,7-dihydro-5-methyl-1-oxo-1H,5H-benzo[ij]quinolizine-2-carboxylic acid"
"NC1=C(C=C2C(C(=CN3C(CCC1=C23)C)C(=O)O)=O)Cl","8-amino-9-chloro-6,7-dihydro-5-methyl-1-oxo-1H,5H-benzo[ij]quinolizine-2-carboxylic acid"
"FC1=CC=2CCC(N3C=C(C(C(C23)=C1)=O)C(=O)Cl)C","6,7-dihydro-9-fluoro-5-methyl-1-oxo-1H-benzo[ij]quinolizine-2-carboxylic chloride"
"FC1=CC=2CCC(N3C=C(C(C(C23)=C1)=O)C(=O)O)C","6,7Dihydro-9-fluoro-5-methyl-1-oxo-1H,5H-benzo[ij]-quinolizine-2-carboxylic acid"
"FC1=CC=2CCC(N3C=C(C(C(C23)=C1)=O)C(=O)O)C(F)(F)F","6,7-dihydro-9-fluoro-1-oxo-5-trifluoromethyl-1H,5H-benzo[ij]quinolizine-2-carboxylic acid"
"FC=1C=C2CCC(NC2=CC1)C(F)(F)F","6-Fluoro-2-trifluoromethyltetrahydroquinoline"
"C(C)OC(C(C(=O)OCC)=COCC)=O","diethylethoxymethylenemalonate"
"FC=1C=C2CCC(NC2=CC1)C","6-fluoro-2-methyltetrahydroquinoline"
"ClC1=CC(=NC2=CC=C(C=C12)F)C","4-Chloro-6-fluoroquinaldine"
"ClC=1C=C2CCC(NC2=CC1)C","6-chloro-2-methyltetrahydroquinoline"
"ClC1=CC(=NC2=CC=C(C=C12)Cl)C","4,6-Dichloroquinaldine"
"COC=1C=C2CCC(NC2=CC1)C","6-methoxy-2-methyltetrahydroquinoline"
"COC=1C=C2C=CC(=NC2=CC1)C","6-Methoxyquinaldine"
"CN(C)C=1C=C2CCC(NC2=CC1)C","6-(N,N-dimethylamino)-2-methyltetrahydroquinoline"
"CN(C)C=1C=C2C=CC(=NC2=CC1)C","6-(N,N-Dimethylamino)quinaldine"
"ClC1=C2CCC(NC2=CC=C1C)C","5-chloro-2,6-dimethyltetrahydroquinoline"
"ClC1=C2C=CC(=NC2=CC=C1C)C","5-Chloro-6-methylquinaldine"
"COC1=C2CCC(NC2=CC=C1)C","5-methoxy-2-methyltetrahydroquinoline"
"ClC1=CC(=NC2=CC=CC(=C12)OC)C","4-Chloro-5-methoxyquinaldine"
"FC=1C=C2CCC(NC2=CC1)C(F)(F)F","6-fluoro-2-trifluoromethyltetrahydroquinoline"
"ClC1=CC(=NC2=CC=C(C=C12)F)C(F)(F)F","4-Chloro-6-fluoro-2-trifluoromethylquinoline"
"COC=1C=C2CCC(NC2=CC1)C(F)(F)F","6-methoxy-2-trifluoromethyltetrahydroquinoline"
"ClC1=CC(=NC2=CC=C(C=C12)OC)C(F)(F)F","4-Chloro-6-methoxy-2-trifluoromethylquinoline"
"ClC=1C=C2CCC(NC2=CC1)C(F)(F)F","6-chloro-2-trifluoromethyltetrahydroquinoline"
"ClC1=CC(=NC2=CC=C(C=C12)Cl)C(F)(F)F","4,6-Dichloro-2-trifluoromethylquinoline"
"ClC=1C=CC=2CCC(N3C=C(C(C1C23)=O)C(=O)O)C","10-chloro-6,7-dihydro-5-methyl-1-oxo-1H,5H-benzo[ij]quinolizine-2-carboxylic acid"
"NC=1C=CC=2CCC(N3C=C(C(C1C23)=O)C(=O)O)C","10-amino-6,7-dihydro-5-methyl-1-oxo-benzo[ij]quinolizine-2-carboxylic acid"
"C(#N)C=1C=CC=2CCC(N3C=C(C(C1C23)=O)C(=O)O)C","10-cyano-6,7-dihydro-5-methyl-1-oxo-1H,5H-benzo[ij]quinolizine-2-carboxylic acid"
"[C-]#N.[Na+]","sodium cyanide"
"C(C)(=O)NC1=CC=2CCC(N3C=C(C(C(C23)=C1)=O)C(=O)O)C","9-acetamido-6,7-dihydro-5-methyl-1-oxo-1H,5H-benzo[ij]quinolizine-2-carboxylic acid"
"C(C)(=O)NC=1C=C2C(=CC(=NC2=CC1)C)Cl","6-Acetamido-4-chloro-2-methylquinoline"
"C(C)(=O)NC=1C=C2CCC(NC2=CC1)C","6-acetamido-2-methyl-1,2,3,4-tetrahydroquinoline"
"N1CCCC2=CC=CC=C12","tetrahydroquinoline"
"NC1=CC=2CCC(N3C=C(C(C(C23)=C1)=O)C(=O)O)C","9-amino-6,7-dihydro-5-methyl-1-oxo-1H,5H-benzo[ij]quinolizine-2-carboxylic acid"
"C(C1=CC=CC=C1)(=O)NC(=S)NC1CC2=CC=CC=C2C1","1 -Benzoyl-3-(2-indanyl)thiourea"
"[S-]C#N.[NH4+]","ammonium thiocyanate"
"NC1CC2=CC=CC=C2C1","2-aminoindane"
"C1C(CC2=CC=CC=C12)NC(=S)N","1-(2-Indanyl)thiourea"
"C(C1=CC=CC=C1)(=O)NC(=S)NC1CC2=CC=CC=C2C1","1-Benzoyl-3-(2-indanyl)thiourea"
"FC1=CC=C(C=C1)C(CCCN1CCC2(CC1)OC(C1=CC=CC=C12)=O)C1=CC=C(C=C1)F","1,3-Dihydro-1'-[4,4-di(4-fluorophenyl)butyl]spiro[isobenzofuran-1,4'-piperidine]-3-one"
"N1CCC2(CC1)OC(C1=CC=CC=C12)=O","1,3-dihydrospiro[isobenzofuran-1,4'-piperidine]-3-one"
"ClCCCC(C1=CC=C(C=C1)F)C1=CC=C(C=C1)F","4-chloro1,1-di(4-fluorophenyl)butane"
"FC1=CC=C(C(=O)CCCN2CCC3(CC2)OC(C2=CC=CC=C23)=O)C=C1","1,3-dihydro1'-[3-(4-fluorobenzoyl)propyl]spiro[isobenzofuran-1,4'-piperidine]-3-one"
"N1CCC2(CC1)OCC1=CC=CC=C12","1,3-dihydrospiro[isobenzofuran-1,4'-piperidine]"
"C1COC(C(CC)Cl)(C2=CC=C(C=C2)F)O1","α-chloro-p-fluorobutyrophenone ethylene ketal"
"ClC1=C(C=CC(=C1)F)C=1OCC(N1)(C)C","2-(2-chloro-4-fluorophenyl)-4,4-dimethyl-2-oxazoline"
"ClC1=C(C(=O)NC(CO)(C)C)C=CC(=C1)F","2-chloro-4-fluoro-N-(1-hydroxy2-methyl-2-propyl)benzamide"
"BrC1=C(C=C(C(=C1)OC)OC)C=1OCC(N1)(C)C","2-(2-bromo-4,5-dimethoxyphenyl)-4,4-dimethyl-2-oxazoline"
"BrC1=C(C(=O)NC(CO)(C)C)C=C(C(=C1)OC)OC","2-bromo-4,5-dimethoxy-N-(1-hydroxy-2-methyl-2-propyl)benzamide"
"COC=1C=C2C(OC3(CCN(CC3)CCCC(C3=CC=C(C=C3)F)=O)C2=CC1OC)=O","1,3-dihydro-5,6-dimethoxy-1'-[3-(4-fluorobenzoyl)propyl]spiro[isobenzofuran-1,4'-piperidine]-3-one"
"COC=1C=C2C(OC3(CCNCC3)C2=CC1OC)=O","1,3-dihydro-5,6-dimethoxyspiro[isobenzofuran-1,4'-piperidine]-3-one"
"CC1(N=C(OC1)C1=C(C=C2C(=C1)OCO2)C2(CCN(CC2)C)O)C","4-[2 -(4,4-dimethyl-2-oxazolin-2-yl)-4,5-methylenedioxyphenyl]-4-hydroxy-1-methylpiperidine"
"BrC1=C(C=C2C(=C1)OCO2)C=2OCC(N2)(C)C","2-(2-bromo-4,5-methylenedioxyphenyl)-4,4-dimethyl-2-oxazoline"
"CN1CCC(CC1)=O","1-methyl-4-piperidone"
"CN1CCC2(CC1)OC(C1=CC3=C(C=C12)OCO3)=O","1,3-dihydro-1'-methyl-5,6-methylenedioxyspiro[isobenzofuran-1,4'-piperidine]-3-one"
"CC1(N=C(OC1)C1=C(C=C2C(=C1)OCO2)C2(CCN(CC2)C)O)C","4-[2-(4,4-dimethyl-2-oxazolin-2-yl)-4,5-methylenedioxyphenyl]-4-hydroxy-1-methylpiperidine"
"C(C=C)N1CCC2(CC1)OC(C1=CC=CC=C12)=O","1'-Allyl-1,3-dihydrospiro[isobenzofuran-1,4'-piperidine]3-one"
"C(C1=CC=CC=C1)N1CC(CC1)(O)C1=C(C=CC=C1)C=1OCC(N1)(C)C","1-benzyl-3-[2-(4,4-dimethyl-2-oxazolin-2-yl)phenyl]-3-hydroxypyrrolidine"
"C(C1=CC=CC=C1)N1CC(CC1)=O","1-benzyl-3-pyrrolidone"
"BrC1=C(C=CC=C1)C=1OCC(N1)(C)C","2-(2-bromophenyl)-4,4-dimethyl-2-oxazoline"
"CC1(N=C(OC1)C1=C(C=CC=C1)C1(CCN(CCC1)C)O)C","4-[2-(4,4-dimethyl-2-oxazolin-2-yl)phenyl]-2,3,4,5,6,7-hexahydro-4-hydroxy-1-methylazepine"
"CN1CCC(CCC1)=O","2,3,4,5,6,7-hexahydro-1-methylazepin-4-one"
"OC1(CCN(CC1)C)C1=C(C=CC=C1)CO","4-hydroxy-4-(α-hydroxy2-tolyl)-1-methylpiperidine"
"C(C1=CC=CC=C1)N1CCC2(CC1)OC(C1=CC=CC=C12)=O","1'-benzyl-1,3-dihydrospiro[isobenzofuran-1,4'-piperidine]-3-one"
"C(C)OC(=O)N1CCC2(CC1)OC(C1=CC=CC=C12)=O","1,3-dihydro-1'-ethoxycarbonylspiro[isobenzofuran-1,4'-piperidine]-3-one"
"C1(CC1)CN1CCC2(CC1)OCC1=CC=CC=C12","1'-cyclopropylmethyl-1,3-dihydrospiro[isobenzofuran-1,4'-piperidine]"
"C1(CC1)CN1CCC(CC1)(C1=C(C=CC=C1)CO)O","1-cyclopropylmethyl-4-hydroxy-4-(α-hydroxy-2-tolyl)piperidine"
"FC1=CC=C(C(=O)CCCN2CCC3(CC2)OCC2=CC=CC=C23)C=C1","1,3-dihydro-1'-[3-(4-fluorobenzoyl)propyl]spiro[isobenzofuran-1,4'-piperidine]"
"N1CCC2(CC1)OCC1=CC=CC=C12","1,3-dihydrospiro[isobenzofuran1,4'-piperidine]"
"C(C)N1CCC2(CC1)OCC1=CC=CC=C12","1,3-dihydro-1'-ethylspiro[isobenzofuran-1,4'-piperidine]"
"C(C)N1CCC(CC1)(C1=C(C=CC=C1)CO)O","1-ethyl-4-hydroxy-4-(α-hydroxy2-tolyl)piperidine"
"OC1(CCN(CC1)C)C1=C(C=CC(=C1)C(F)(F)F)CO","4-hydroxy-4-(α-hydroxy-4-trifluoromethyl-2-tolyl)-1-methylpiperidine"
"BrC1=C(CO)C=CC(=C1)C(F)(F)F","2-bromo-4-trifluoromethylbenzyl alcohol"
"OC1(CCN(CC1)C)C1=C(C=C(C=C1)C)CO","4-hydroxy-4-(α-hydroxy-5-methyl-2-tolyl)-1-methylpiperidine"
"BrC1=C(CO)C=C(C=C1)C","2-bromo-5-methylbenzyl alcohol"
"CN1CCC2(CC1)OCC1=CC(=CC=C12)C","1,3-dihydro-1',5-dimethylspiro[isobenzofuran-1,4'-piperidine]"
"ClC1=CC(=C(C=C1)CO)C1(CCN(CC1)C)O","4-(4-chloro-α-hydroxy-2-tolyl)-4-hydroxy-1-methylpiperidine"
"BrC1=C(CO)C=CC(=C1)Cl","2-bromo-4-chlorobenzyl alcohol"
"ClC1=CC=C2COC3(CCN(CC3)C)C2=C1","6-chloro1,3-dihydro-1'-methylspiro[isobenzofuran-1,4'-piperidine]"
"FC=1C=CC(=C(C1)CO)C1(CCN(CC1)C)O","4-(5-fluoro-α-hydroxy-2-tolyl)-4-hydroxy-1-methylpiperidine"
"BrC1=C(CO)C=C(C=C1)F","2-bromo-5-fluorobenzyl alcohol"
"FC=1C=C2COC3(CCN(CC3)C)C2=CC1","1,3-dihydro5-fluoro-1'-methylspiro[isobenzofuran-1,4'-piperidine]"
"CN1CC2(CC1)OCC1=CC=CC=C12","1,3-dihydro-1'-methylspiro[isobenzofuran-1,3'-pyrrolidine]"
"OC1(CN(CC1)C)C1=C(C=CC=C1)CO","3-hydroxy-3-(α-hydroxy-2-tolyl)-1-methylpyrrolidine"
"OC(CCN1CCC2(CC1)OC(C1=CC=CC=C12)=O)C1=CC=CC=C1","1,3-Dihydro-1'-(3-hydroxy-3-phenylpropyl)spiro[isobenzofuran-1,4'-piperidine]-3-one"
"C(C1=CC=CC=C1)(=O)CCN1CCC2(CC1)OC(C1=CC=CC=C12)=O","1'-(2-benzoylethyl)-1,3-dihydrospiro[isobenzofuran-1,4'-piperidine]-3-one"
"C(C1=CC=CC=C1)(C1=CC=CC=C1)OCCN1CCC2(CC1)OC(C1=CC=CC=C12)=O","1'-(2-benzhydryloxyethyl)-1,3-dihydrospiro[isobenzofuran-1,4'-piperidine]- 3-one"
"N1CCC2(CC1)OC(C1=CC=CC=C12)=O","1,3-dihydrospiro[isobenzofuran1,4'-piperidine]-3-one"
"C(C1=CC=CC=C1)(C1=CC=CC=C1)OCCCl","2-benzhydryloxy-1-chloroethane"
"C1=CC=CC=2SCC3=C(C(C21)=NCCCO)C=CC=C3","3-{(dibenzo[b,e]-thiepin-11(6H)-yliden)-amino}-1-propanol"
"C1=CC=CC=2SCC3=C(C(C21)=O)C=CC=C3","dibenzo[b,e]thiepin-11(6H)-one"
"NCCCO","3-amino-1-propanol"
"S(=O)(=O)(OCCCN=C1C2=C(SCC3=C1C=CC=C3)C=CC=C2)C2=CC=C(C)C=C2","3-{(dibenzo[b,e]thiepin-11(6H)-yliden)-amino}-propyl tosylate"
"C1=CC=CC=2SCC3=C(C(C21)=NCCCO)C=CC=C3","3-{ (dibenzo[b,e]thiepin-11(6H)-yliden)-amino}-1-propanol"
"C1=CC=CC=2SCC3=C(C(C21)=NO)C=CC=C3","dibenzo[b,e]thiepin-11(6H)-one-oxime"
"Cl.NO","hydroxylamine hydrochloride"
"C(C)N(CCCN=C1C2=C(SCC3=C1C=CC=C3)C=CC=C2)CC","N,N-diethyl-N'-{ dibenzo[b,e]thiepin-11(6H)-ylidene}-1,3-propanediamine"
"C(C)N(CCCCl)CC","3-diethylamino-propyl chloride"
"C(C)N(CCCN=C1C2=C(SCC3=C1C=CC=C3)C=CC=C2)CC","N,N-diethyl-N'-{dibenzo[b,e]thiepin-11(6H)-ylidene}-1,3-propanediamine"
"C(C)N(CCCNC1C2=C(SCC3=C1C=CC=C3)C=CC=C2)CC","N,N-diethyl-N'-{6,11-dihydro-dibenzo[b,e]thiepin-11-yl}-1,3-propanediamine"
"Cl[O-].[Na+]","sodium hypochlorite"
"ClC1C2=C(SCC3=C1C=CC=C3)C=CC=C2","11-chloro-6,11-dihydro-dibenzo[b,e]thiepin"
"C1=CC=CC=2SCC3=C(C(C21)O)C=CC=C3","6,11-dihydro-dibenzo[b,e]thiepin-11-ol"
"C(C)NCCCN=C1C2=C(SCC3=C1C=CC=C3)C=CC=C2","N-ethyl-N'-{dibenzo[b,e]thiepin-11(6H)-ylidene}-1,3-propanediamine"
"C(C)NCCCN","N-ethyl-1,3-propanediamine"
"BrC=CC1=CC=C(C2=CC=CC=C12)OC","1-(2-bromoethenyl)-4-methoxynaphthalene"
"C(=O)(O)C=CC1=CC=C(C2=CC=CC=C12)OC","1-(2-carboxyethenyl)-4-methoxynaphthalene"
"C(#C)C1=CC=C(C2=CC=CC=C12)OC","1-ethynyl-4-methoxynaphthalene"
"C1(=CC=CC=C1)[Li]","Phenyllithium"
"BrC=CC1=CC=C(C2=CC=CC=C12)OC","1-(2-bromoethenyl)-4methoxynaphthalene"
"C(C)(=O)C1=C(OC2=C1C=CC=C2)C2=CC=C(C1=CC=CC=C21)O","3-acetyl-2-(4-hydroxynaphthyl)benzofuran"
"C(C)(=O)C1=C(OC2=C1C=CC=C2)C2=CC=C(C1=CC=CC=C21)OC","3-acetyl-2-(4-methoxynaphthyl)benzofuran"
"Cl.N1=CC=CC=C1","pyridine hydrochloride"
"C(C)(=O)C1=C(OC2=C1C=CC=C2)C2=CC=C(C1=CC=CC=C21)OCCBr","3-acetyl-2-[4-(2-bromoethoxy)naphthyl]benzofuran"
"BrCCBr","1,2-dibromoethane"
"C(=O)(O)C1=C(OC2=C1C=CC=C2)C2=CC=C(C1=CC=CC=C21)OCCBr","3-carboxy-2-[4-(2-bromo-ethoxy)naphthyl]benzofuran"
"Br[O-].[Na+]","sodium hypobromite"
"[OH-].[Na+]","sodium hydoxide"
"S([O-])(O)=O.[Na+]","Sodium bisulfite"
"COC1=C2C=CC=C3C(C=4C5=C(OC4C(C=C1)=C32)C=CC=C5)=O","3-methoxy-7-oxo-7H-benzo[b]-phenaleno[2,1-d]furan"
"COC1=CC=C(C2=CC=CC=C12)C=1OC2=C(C1)C=CC=C2","2-(4-methoxynaphthyl)benzofuran"
"BrCCCOC1=C2C=CC=C3C(C=4C5=C(OC4C(C=C1)=C32)C=CC=C5)=O","3-(3-Bromopropoxy)-7-oxo-7H-benzo[b]phenaleno[2,1-d]furan"
"C(C)(=O)C1=C(OC2=C1C=CC=C2)C2=CC=C(C1=CC=CC=C21)OCCCBr","3-acetyl-2-[4-(3-bromopropoxy)naphthyl]-benzofuran"
"[Cl-].[Al+3].[Cl-].[Cl-]","aluminum chloride"
"OC1=C2C=CC=C3C(C=4C5=C(OC4C(C=C1)=C32)C=CC=C5)=O","3-hydroxy-7-oxo-7H-benzo[b]phenaleno[2,1-d]furan"
"BrCCCBr","1,3-dibromopropane"
"C(C)N(CCOC1=C2C=CC=C3C(C=4C5=C(OC4C(C=C1)=C32)C=CC=C5)=O)CC","3-(2-Diethylaminoethoxy)-7-oxo-7H-benzo[b]phenaleno[2,1-d]furan"
"BrCCOC1=C2C=CC=C3C(C=4C5=C(OC4C(C=C1)=C32)C=CC=C5)=O","3-(2-bromoethoxy)-7-oxo-7H-benzo[b]phenaleno[2,1-d]furan"
"C(C)N","ethylamine"
"N1=C(C=CC=C1)CSC1=C(OC=C1)C","(2-methyl-3-furyl) (2-pyridylmethyl) sulfide"
"CC=1OC=CC1S","2-methyl-3-furan thiol"
"[Br-]","bromide"
"[Cl-]","chloride"
"Cl.N1=C(C=CC=C1)CCl","α-picolyl chloride hydrochloride"
"CC=1OC=CC1SCC1=NC=CC=C1","(2-METHYL-3-FURYL)(2-PYRIDYLMETHYL)SULFIDE"
"Cl.N1=C(C=CC=C1)CCl","picolyl chloride hydrochloride"
"N1=C(C=CC=C1)CSC1=C(OC(=C1)C)C","(2-PYRIDYLMETHYL)(2,5-DIMETHYL-3-FURYL)SULFIDE"
"CC=1OC(=CC1S)C","2,5-dimethyl-3-furan thiol"
"C(C)C(C(=O)CCC)SC1=C(OC(=C1)C)C","(1,3-DIETHYLACETONYL)(2,5-DIMETHYL-3-FURYL)SULFIDE"
"ClC(CC)C(CCC)=O","3-chloro-4-heptanone"
"CC=1OC=CC1SC(C(=O)C(C)C)(C)C","(2-METHYL-3-FURYL)(1,1,3,3-TETRAMETHYLACETONYL)SULFIDE"
"ClC(C)(C(C(C)C)=O)C","2-chloro-2,4-dimethyl-3-pentanone"
"O=C(CCC(=O)O)C=1C=CC2=C(OC3=C2C=CC=C3)C1","γ-oxo-3-dibenzofuranbutyric acid"
"COC(CCC(C1=CC2=C(OC3=C2C=CC=C3)C=C1)=O)=O","γ-oxo-2-dibenzofuranbutyric acid methyl ester"
"COC(CCC(C=1C=CC2=C(OC3=C2C=CC=C3)C1)=O)=O","γ-oxo-3-dibenzofuranbutyric acid methyl ester"
"C1(CCCCC1)C1=NC(=CC(=C1)C1=CC=C(C=C1)OCC)C1CCCCC1","2,6-dicyclohexyl-4-(p-ethoxyphenyl) pyridine"
"C1(=CC=CC=C1)C1=NC(=CC(=C1)C1=CC=C(C=C1)OCC)C1=CC=CC=C1","2,6 diphenyl-4-(p-ethoxyphenyl) pyridine"
